AssetId,Test1,Action Plan,Priority,Discovery - Network - Discovered by Protocols,Lifecycle - Name,Client - Last Seen,Lifecycle - Tags,OS - Vendor,OS - Name,OS - Version,Hardware - Type,Hardware - Model,Hardware - Manufacturer,Hardware - Serial Number,Network - IP Addresses,Network - MAC Addresses,Manual - Lifecycle - Notes,Discovery - Network - Scan Type,Discovery - Network - MAC Address,Discovery - Network - Listening Services,Discovery - Network - TCP Listening Ports,VAD - Network - Last Seen,Discovery - Network - Hostname,Discovery - Network - IP Address,Discovery - Network - MAC Address Vendor,Network - MAC Address Vendor,Possible Device/Driver
15fa2b54-f248-4ea6-8992-203d09cd0c70,,,,,Rockwell Automation Part: 1756-L75/B S/N: 00DE2DF4,2026-01-29T14:06:35.756+00:00,Production,Rockwell Automation,ControlLogix 5570,24.053,Process Automation Controller,1756-L75/B,Rockwell Automation,00DE2DF4,"10.1.32.13,10.200.27.1,10.200.4.105,10.200.5.105,10.200.8.173","00:1D:9C:D6:1D:4E,00:1D:9C:D6:24:D3,00:1D:9C:D6:3D:BE,00:1D:9C:D6:40:D7,00:1D:9C:D6:47:5A",,,,,,,,,,Rockwell Automation,
4fa03e15-100e-4717-a19f-00113496983e,,,,,Rockwell Automation Part: PanelView Plus 6 1000 S/N: 00D37B2C,2026-01-28T11:00:34.693+00:00,Production,Rockwell Automation,PanelView Plus 6 1000 Firmware,3.1,Human-Machine Interface,PanelView Plus 6 1000,Rockwell Automation,00D37B2C,10.200.1.7,00:1D:9C:D2:CF:80,,,,,,,,,,Rockwell Automation,
13751872-2d40-47fb-94f6-ad6f953392bd,,,,,Rockwell Automation Part: PanelView Plus 6 1000 S/N: 00D40B7F,2026-01-28T11:00:02.76+00:00,Production,Rockwell Automation,PanelView Plus 6 1000 Firmware,3.1,Human-Machine Interface,PanelView Plus 6 1000,Rockwell Automation,00D40B7F,10.200.1.8,00:1D:9C:D2:FE:2B,,,,,,,,,,Rockwell Automation,
ba066017-d987-420b-a1ea-9f1fb15f18dd,,,,,Rockwell Automation Part: PanelView Plus 6 1000 S/N: 00CB4F0C,2026-01-28T11:01:36.727+00:00,Production,Rockwell Automation,PanelView Plus 6 1000 Firmware,3.2,Human-Machine Interface,PanelView Plus 6 1000,Rockwell Automation,00CB4F0C,10.200.1.11,00:1D:9C:D0:4C:9A,,,,,,,,,,Rockwell Automation,
d33b22ea-281e-45af-91c8-a24f3006ed88,,,,,Rockwell Automation Part: PanelView Plus 6 1250 S/N: 00E2D204,2026-01-28T11:02:08.494+00:00,Production,Rockwell Automation,PanelView Plus 6 1250 Firmware,3.1,Human-Machine Interface,PanelView Plus 6 1250,Rockwell Automation,00E2D204,10.200.1.72,00:1D:9C:D7:F1:96,,,,,,,,,,Rockwell Automation,
82764823-278e-42c2-a771-2078de47d8d2,,,,,Rockwell Automation Part: PanelView Plus 6 1250 S/N: 00DF29FA,2026-01-28T11:01:03.843+00:00,Production,Rockwell Automation,PanelView Plus 6 1250 Firmware,3.1,Human-Machine Interface,PanelView Plus 6 1250,Rockwell Automation,00DF29FA,10.200.1.73,00:1D:9C:D6:A9:BE,,,,,,,,,,Rockwell Automation,
3bad8988-6f1b-4e76-aaa1-20bb72834a5c,,,,,Rockwell Automation Part: PanelView Plus 6 1000 S/N: 00AC9057,2026-01-28T11:00:08.516+00:00,Production,Rockwell Automation,PanelView Plus 6 1000 Firmware,3.001,Human-Machine Interface,PanelView Plus 6 1000,Rockwell Automation,00AC9057,10.200.1.137,00:1D:9C:C6:90:C9,,,,,,,,,,Rockwell Automation,
2f05a9b1-45e0-46b9-86ec-3f4fc8c9272f,,,,,Rockwell Automation Part: PanelView Plus 6 1000 S/N: 00AA1718,2026-01-28T11:00:04.964+00:00,Production,Rockwell Automation,PanelView Plus 6 1000 Firmware,3.001,Human-Machine Interface,PanelView Plus 6 1000,Rockwell Automation,00AA1718,10.200.1.138,00:1D:9C:C5:BF:FC,,,,,,,,,,Rockwell Automation,
39031865-6137-41cb-94be-007a2bcf10ee,,,,,Rockwell Automation Part: PanelView Plus 6 1000 S/N: 00AD5289,2026-01-28T11:00:06.838+00:00,Production,Rockwell Automation,PanelView Plus 6 1000 Firmware,3.001,Human-Machine Interface,PanelView Plus 6 1000,Rockwell Automation,00AD5289,10.200.1.139,00:1D:9C:C6:C8:04,,,,,,,,,,Rockwell Automation,
da628df9-c941-44c3-bebb-ee000dac10eb,,,,,,,Production,,,,,,,,10.200.2.43,74:FE:48:3D:01:6F,,,,,,,,,,"Advantech Co., Ltd",
e4a8de07-8253-439c-917b-44389a31b8fd,,,,,,,Production,,,,,,,,10.200.2.44,74:FE:48:3D:01:6A,,,,,,,,,,"Advantech Co., Ltd",
b97c30a1-4390-4959-ad5f-abc6b23bf90f,,,,,,,Production,,,,,,,,10.200.2.48,74:FE:48:3D:01:76,,,,,,,,,,"Advantech Co., Ltd",
fd6ae5ed-a605-4d1f-b5be-18da64657b7f,,,,,MEEWS02P,2026-02-09T01:52:21+00:00,Production,Microsoft,Windows Server 2022,21H2,Server,"VMware20,1","VMware, Inc.",VMware-42 21 ef ad e4 e1 85 9e-9d 7a 2f 08 4e bf 05 2c,10.200.2.131,00:50:56:A1:42:1A,,,,,,,,,,"VMware, Inc",
6714d24a-ff03-4a09-97c9-e727fa804e7c,,,,,MEEWS02S,2026-02-09T01:01:48+00:00,Production,Microsoft,Windows Server 2022,21H2,Server,"VMware20,1","VMware, Inc.",VMware-42 31 30 87 8c 64 af 28-68 81 19 26 00 a6 4a 55,10.200.2.132,00:50:56:B1:71:0D,,,,,,2025-12-05T21:25:42.3047681+00:00,,,,"VMware, Inc",
4c4760f5-e8d2-4709-a9ac-6d38979f7c80,,,,,Rockwell Automation Part: T9110 S/N: 504D4153,2026-01-29T14:14:58.629+00:00,Production,Rockwell Automation,T9110 Firmware,1.034,Process Automation Controller,T9110,Rockwell Automation,504D4153,"10.200.3.88,10.200.4.32",,,,,,,,,,,,
cdc6d0a6-bab4-46e4-aa43-8f8a5edeae14,,,,,,,Production,,,,,,,,10.200.4.10,00:A0:EC:44:AA:E5,,,,,,2026-01-29T16:51:20.244557+00:00,,,,Transmitton Ltd,
6ce3612e-eb0b-4e2b-bb7e-8c9f2f2293a5,,,,,,,Production,,,,,,,,10.200.4.13,00:A0:EC:44:DC:5F,,,,,,,,,,Transmitton Ltd,
4882662f-5f5d-4433-bdb6-d260e15f678f,,,,,,,Production,,,,,,,,10.200.4.20,00:A0:EC:44:AA:F7,,,,,,,,,,Transmitton Ltd,
c9b9c028-316a-483d-8907-d1c83a0a5ac0,,,,,,,Production,,,,,,,,10.200.4.33,00:A0:EC:44:AF:17,,,,,,,,,,Transmitton Ltd,
1305e677-3e88-4657-8860-227769fcbe5b,,,,,,,Production,,,,,,,,10.200.4.34,00:A0:EC:44:6A:B7,,,,,,,,,,Transmitton Ltd,
78a6d3e4-eaa5-4504-bb73-bf95b54ef4ee,,,,,,,Production,,,,,,,,10.200.4.35,00:A0:EC:44:B8:83,,,,,,,,,,Transmitton Ltd,
d93568c6-7bf1-4354-84a1-708ce66f2be2,,,,,,,Production,,,,,,,,10.200.4.36,00:A0:EC:44:B8:F5,,,,,,,,,,Transmitton Ltd,
5ade220a-892c-47b1-a0c5-9e5335f12f15,,,,,,,Production,,,,,,,,10.200.4.37,00:A0:EC:44:AF:0B,,,,,,,,,,Transmitton Ltd,
13ec94de-4524-435c-a423-4ba697e0a431,,,,,,,Production,,,,,,,,10.200.4.38,00:A0:EC:44:AE:ED,,,,,,,,,,Transmitton Ltd,
7c369ccf-f970-4528-91a9-ccd3268810eb,,,,,,,Production,,,,,,,,10.200.4.39,00:A0:EC:44:88:51,,,,,,,,,,Transmitton Ltd,
8615897e-327e-440d-9da0-3207895dc5bd,,,,,,,Production,,,,,,,,10.200.4.40,00:A0:EC:44:87:E5,,,,,,,,,,Transmitton Ltd,
877a4f41-e71c-459c-a04e-c3728970ff28,,,,,,,Production,,,,,,,,10.200.4.47,70:B3:D5:83:87:68,,,,,,,,,,Tofino,
4f35ecdf-71f2-498b-9a2f-25a1cb2ee94a,,,,,Rockwell Automation Part: 1756-L61/B S/N: 00CDF6AD,2026-01-29T14:08:06.738+00:00,Production,Rockwell Automation,ControlLogix 5560,20.055,Process Automation Controller,1756-L61/B,Rockwell Automation,00CDF6AD,10.200.4.89,00:1D:9C:D0:72:0C,,,,,,,,,,Rockwell Automation,
0a98626b-994b-46bb-827e-a561ba1577e6,,,,,Rockwell Automation Part: 1756-L61/B S/N: 00CC3C69,2026-01-29T14:08:05.541+00:00,Production,Rockwell Automation,ControlLogix 5560,20.055,Process Automation Controller,1756-L61/B,Rockwell Automation,00CC3C69,10.200.4.90,00:1D:9C:D0:B9:4C,,,,,,,,,,Rockwell Automation,
ff75b886-81d3-44ba-b237-dfdd03f0dff1,,,,,,,Production,,,,,,,,10.200.4.117,70:B3:D5:83:8A:AC,,,,,,,,,,Tofino,
c179f807-8a17-4fa5-a390-932826470404,,,,,,,Production,,,,,,,,10.200.4.118,F8:1D:78:D0:03:00,,,,,,,,,,Tofino,
fd69c68f-579a-407b-afb6-554a9884479e,,,,,,,Production,,,,,,,,10.200.4.120,00:A0:EC:44:DF:35,,,,,,2026-01-29T15:55:20.244572+00:00,,,,Transmitton Ltd,
6fc347c2-16e1-4a86-96eb-0562366f14e5,,,,,,,Production,,,,,,,,10.200.4.121,00:A0:EC:44:46:33,,,,,,,,,,Transmitton Ltd,
d63a0683-3a52-422f-a55c-b646ceeb591c,,,,,,,Production,,,,,,,,10.200.4.122,00:A0:EC:44:47:71,,,,,,,,,,Transmitton Ltd,
c03eb20d-15dc-4b36-aad9-e5c07f7ecd14,,,,,,,Production,,,,,,,,10.200.4.123,00:A0:EC:44:4C:C3,,,,,,,,,,Transmitton Ltd,
dd0b2eec-626b-4ee7-b160-e49d61fa2d53,,,,,,,Production,,,,,,,,10.200.4.124,00:A0:EC:44:47:B3,,,,,,,,,,Transmitton Ltd,
e2011e49-342f-4001-91f2-dc49ae982e6e,,,,,,,Production,,,,,,,,10.200.4.125,00:A0:EC:44:46:63,,,,,,,,,,Transmitton Ltd,
ec31bcf6-85d7-45cd-aff0-029f4d241fa5,,,,,,,Production,,,,,,,,10.200.4.126,00:A0:EC:45:42:2F,,,,,,,,,,Transmitton Ltd,
72555d6d-3515-4aa4-a333-138607ba8b32,,,,,,,Production,,,,,,,,10.200.4.127,00:A0:EC:45:3A:01,,,,,,,,,,Transmitton Ltd,
e7bae063-2246-4882-9a40-a63541b68f94,,,,,Rockwell Automation Part: 1756-L61/B S/N: 00AF4601,2026-01-28T11:02:32.813+00:00,Production,Rockwell Automation,ControlLogix 5560,20.013,Process Automation Controller,1756-L61/B,Rockwell Automation,00AF4601,10.200.4.131,00:1D:9C:C7:7B:96,,,,,,,,,,Rockwell Automation,
e6ff82ce-2bd1-44cd-a691-628222e38f75,,,,,,,Production,,,,,,,,10.200.4.159,F8:1D:78:D0:11:86,,,,,,,,,,Tofino,
7d8acb11-03c7-4b77-b7ad-b794861cefb4,,,,,,,Production,,,,,,,,10.200.4.168,F8:1D:78:D0:09:4A,,,,,,,,,,Tofino,
07062428-0bc4-4508-b671-7f28ae8f6a89,,,,,,,Production,,,,,,,,10.200.4.169,F8:1D:78:D0:09:50,,,,,,,,,,Tofino,
54623c71-51be-4eb4-b48f-daa68210dad2,,,,,,,Production,,,,,,,,10.200.4.170,F8:1D:78:D0:26:80,,,,,,,,,,Tofino,
b57fed7c-b9b3-4446-9e47-9b74761cca86,,,,,,,Production,,,,,,,,10.200.4.172,F8:1D:78:D0:02:DE,,,,,,,,,,Tofino,
51d17c36-8bcd-4120-8ac2-6b3a0298d871,,,,,,,Production,,,,,,,,10.200.4.173,F8:1D:78:D0:02:FE,,,,,,,,,,Tofino,
1058ba9d-5823-41ad-9e60-653eb8b7e2c8,,,,,,,Production,,,,,,,,10.200.4.174,F8:1D:78:D0:02:CA,,,,,,,,,,Tofino,
d0058c2e-c3f9-4eb2-ab4e-504a60a26141,,,,,,,Production,,,,,,,,10.200.4.176,F8:1D:78:D0:01:EC,,,,,,,,,,Tofino,
92a129ec-8a8b-4f46-9bcb-276df5b93444,,,,,,,Production,,,,,,,,10.200.4.177,F8:1D:78:D0:02:C2,,,,,,,,,,Tofino,
4af7258e-c1db-4555-a515-e5d69b494810,,,,,,,Production,,,,,,,,10.200.4.178,F8:1D:78:D0:02:FA,,,,,,,,,,Tofino,
80b59c26-3f1f-4605-b67e-8214942222d6,,,,,,,Production,,,,,,,,10.200.4.179,F8:1D:78:D0:01:E6,,,,,,,,,,Tofino,
e8e09c93-4b2a-4836-a1c8-509cabdeadf9,,,,,,,Production,,,,,,,,10.200.4.180,F8:1D:78:D0:01:EA,,,,,,,,,,Tofino,
d2694049-eb96-4689-a9fc-f8c1dd3dbe1e,,,,,,,Production,,,,,,,,10.200.4.181,F8:1D:78:D0:02:BC,,,,,,,,,,Tofino,
857db6a9-648c-40c9-a65a-b84c0683f5ac,,,,,,,Production,,,,,,,,10.200.4.182,F8:1D:78:D0:03:28,,,,,,,,,,Tofino,
0fc9c0a3-b045-4ea7-aabe-fc49e4679df1,,,,,,,Production,,,,,,,,10.200.4.183,F8:1D:78:D0:03:1E,,,,,,,,,,Tofino,
93ad0c92-4cd5-4108-ae39-d448f481b90c,,,,,,,Production,,,,,,,,10.200.4.184,F8:1D:78:D0:02:CC,,,,,,,,,,Tofino,
82288e4a-15d4-4fec-b85f-a8dc6c356d85,,,,,,,Production,,,,,,,,10.200.4.185,F8:1D:78:D0:03:10,,,,,,,,,,Tofino,
818ce40e-52e7-47fa-8681-79cf7e4a001d,,,,,,,Production,,,,,,,,10.200.4.186,F8:1D:78:D0:03:0A,,,,,,,,,,Tofino,
ddb81d36-7ddc-438e-a72b-e5226623b79f,,,,,,,Production,,,,,,,,10.200.4.187,F8:1D:78:D0:02:D4,,,,,,,,,,Tofino,
a135fa1e-67c7-4041-85ec-e8073c1e1aad,,,,,,,Production,,,,,,,,10.200.4.188,F8:1D:78:D0:02:D6,,,,,,,,,,Tofino,
2518e7e5-0b8e-4238-bc39-b9e0ad97ba68,,,,,,,Production,,,,,,,,10.200.4.189,F8:1D:78:D0:02:D2,,,,,,,,,,Tofino,
e826b2d9-0613-4267-813c-2d436c484f76,,,,,,,Production,,,,,,,,10.200.4.190,F8:1D:78:D0:02:C4,,,,,,,,,,Tofino,
8c2b3994-6b22-4f59-8755-4f6a78b5c7ae,,,,,,,Production,,,,,,,,10.200.4.191,F8:1D:78:D0:03:1A,,,,,,,,,,Tofino,
2a615146-e014-436c-a3de-a80bd55fc444,,,,,,,Production,,,,,,,,10.200.4.192,F8:1D:78:D0:02:C6,,,,,,,,,,Tofino,
b8291886-da29-4009-9ace-e8460770296a,,,,,,,Production,,,,,,,,10.200.4.193,F8:1D:78:D0:03:02,,,,,,,,,,Tofino,
feffd77c-6f0b-48fa-ba5d-9c7b782e645f,,,,,,,Production,,,,,,,,10.200.4.194,F8:1D:78:D0:02:E2,,,,,,,,,,Tofino,
8cd387ac-5393-40f5-a7e3-1444068745d7,,,,,,,Production,,,,,,,,10.200.4.195,F8:1D:78:D0:02:D0,,,,,,,,,,Tofino,
1400c880-babc-4984-9cd9-35d7dd9fbc6f,,,,,,,Production,,,,,,,,10.200.4.196,F8:1D:78:D0:02:BE,,,,,,,,,,Tofino,
16d2896e-7cda-422c-949c-ccf71e1920d3,,,,,,,Production,,,,,,,,10.200.4.197,F8:1D:78:D0:03:1C,,,,,,,,,,Tofino,
e4845646-b734-45ef-89da-6dc406241c61,,,,,,,Production,,,,,,,,10.200.4.198,F8:1D:78:D0:02:D8,,,,,,,,,,Tofino,
815188b2-d5f2-4d25-ac2c-79f4efc66c0c,,,,,,,Production,,,,,,,,10.200.4.199,F8:1D:78:D0:02:E4,,,,,,,,,,Tofino,
b97bac79-63ac-422e-ad08-50514ebca26c,,,,,,,Production,,,,,,,,10.200.4.200,70:B3:D5:83:8F:0E,,,,,,,,,,Tofino,
f1899123-3c90-41cb-8b2b-f596abd4b0b6,,,,,,,Production,,,,,,,,10.200.4.201,70:B3:D5:83:85:64,,,,,,,,,,Tofino,
9ece7458-d617-473c-a2a0-86678ee95a27,,,,,,,Production,,,,,,,,10.200.4.202,70:B3:D5:83:8A:00,,,,,,,,,,Tofino,
bac986e1-4da3-48d5-9639-134f4c6f847f,,,,,,,Production,,,,,,,,10.200.4.204,F8:1D:78:D0:02:F2,,,,,,,,,,Tofino,
19ce9490-3d3c-4cf1-be0e-d0973f74fa2e,,,,,,,Production,,,,,,,,10.200.4.206,F8:1D:78:D0:2F:74,,,,,,,,,,Tofino,
f3e33980-c043-4a6c-bf6c-9441ca2c98ba,,,,,,,Production,,,,,,,,10.200.4.208,70:B3:D5:83:85:60,,,,,,,,,,Tofino,
dff2e0f6-2b52-46be-bd0e-26e6f3bb9424,,,,,,,Production,,,,,,,,10.200.4.209,F8:1D:78:D0:03:22,,,,,,,,,,Tofino,
70dd0e2f-d4bd-46d2-8071-3af5772b6e85,,,,,,,Production,,,,,,,,10.200.4.210,F8:1D:78:D0:01:DE,,,,,,,,,,Tofino,
a99ae8fa-d531-41dd-9305-083d8cd313f4,,,,,,,Production,,,,,,,,10.200.4.211,F8:1D:78:D0:03:A6,,,,,,,,,,Tofino,
4fc933fb-4003-4b37-982a-044a5499a710,,,,,,,Production,,,,,,,,10.200.4.213,F8:1D:78:D0:03:AA,,,,,,,,,,Tofino,
cbb2afd8-d1e9-479c-87b3-3802c74381f2,,,,,,,Production,,,,,,,,10.200.4.214,F8:1D:78:D0:01:D8,,,,,,,,,,Tofino,
ceae594f-b3f6-4021-b790-ecf31f6348cc,,,,,,,Production,,,,,,,,10.200.4.215,F8:1D:78:D0:03:A8,,,,,,,,,,Tofino,
3ecc4915-0ef9-4dba-bba6-a3781872e7d6,,,,,,,Production,,,,,,,,10.200.4.216,F8:1D:78:D0:03:A4,,,,,,,,,,Tofino,
81ba4f8a-c562-4a4e-bddc-0da204d76e9e,,,,,,,Production,,,,,,,,10.200.4.217,F8:1D:78:D0:03:94,,,,,,,,,,Tofino,
67790337-417b-4821-9710-2de4bead6aa5,,,,,,,Production,,,,,,,,10.200.4.218,F8:1D:78:D0:03:96,,,,,,,,,,Tofino,
aebcc6e7-e5c6-427f-abab-0c9b29313a2e,,,,,,,Production,,,,,,,,10.200.4.219,F8:1D:78:D0:0A:E4,,,,,,,,,,Tofino,
55beb1e6-87d8-4dcb-be05-98ec64a0c888,,,,,,,Production,,,,,,,,10.200.4.220,F8:1D:78:D0:09:6C,,,,,,,,,,Tofino,
f7efebc7-8ba4-46a8-a068-1ed484021c55,,,,,,,Production,,,,,,,,10.200.4.221,F8:1D:78:D0:0B:5A,,,,,,,,,,Tofino,
5b9dd778-477f-48ed-873f-81c1195149fa,,,,,,,Production,,,,,,,,10.200.4.222,F8:1D:78:D0:05:90,,,,,,,,,,Tofino,
97afa21d-fafe-4ef9-b86c-b4e99874961f,,,,,,,Production,,,,,,,,10.200.4.223,F8:1D:78:D0:09:62,,,,,,,,,,Tofino,
b5cb6a8b-441e-49a7-babd-1cd03625891e,,,,,,,Production,,,,,,,,10.200.4.224,F8:1D:78:D0:0B:52,,,,,,,,,,Tofino,
0c33a4b6-38aa-44aa-a2b9-f51628b04aba,,,,,,,Production,,,,,,,,10.200.4.225,F8:1D:78:D0:12:64,,,,,,,,,,Tofino,
5bb64d53-1b0e-48c1-9dfe-2452281b898d,,,,,,,Production,,,,,,,,10.200.4.228,70:B3:D5:83:8E:E8,,,,,,,,,,Tofino,
145267f9-39de-45b3-bbca-db1453a6b850,,,,,,,Production,,,,,,,,10.200.4.229,F8:1D:78:D0:0B:54,,,,,,,,,,Tofino,
66c36e56-cee0-4e54-8cb4-3be3feed87e0,,,,,,,Production,,,,,,,,10.200.4.230,F8:1D:78:D0:09:60,,,,,,,,,,Tofino,
17963f70-a4b2-4132-bda4-ea12ef48f50f,,,,,,,Production,,,,,,,,10.200.4.231,F8:1D:78:D0:14:DA,,,,,,,,,,Tofino,
b5a2c10a-b8d5-4d02-878d-a9c85828881b,,,,,,,Production,,,,,,,,10.200.4.232,F8:1D:78:D0:14:D4,,,,,,,,,,Tofino,
fe88a68e-d92d-4eed-8f2a-a0bd032e44d2,,,,,,,Production,,,,,,,,10.200.4.234,F8:1D:78:D0:09:56,,,,,,,,,,Tofino,
baec7bbf-6069-4cda-a9a1-30eb2111cf9f,,,,,,,Production,,,,,,,,10.200.4.235,F8:1D:78:D0:14:D6,,,,,,,,,,Tofino,
74800f29-5411-4a16-99ef-4a08334e53df,,,,,,,Production,,,,,,,,10.200.4.236,F8:1D:78:D0:0B:04,,,,,,,,,,Tofino,
24c330e3-41b2-4713-b2d6-4487ddd0d66b,,,,,,,Production,,,,,,,,10.200.4.237,F8:1D:78:D0:0B:0C,,,,,,,,,,Tofino,
91f5bb7a-4507-4326-a102-0aa826aecf29,,,,,,,Production,,,,,,,,10.200.4.239,F8:1D:78:D0:0B:0A,,,,,,,,,,Tofino,
3ffdf729-601f-4212-857d-121ec82eda07,,,,,,,Production,,,,,,,,10.200.4.240,F8:1D:78:D0:0B:18,,,,,,,,,,Tofino,
9063698d-bda9-4fa5-bd65-1e733878392e,,,,,,,Production,,,,,,,,10.200.4.241,F8:1D:78:D0:0B:12,,,,,,,,,,Tofino,
b17ee319-da33-4f40-ac25-310ff0917ca2,,,,,,,Production,,,,,,,,10.200.4.242,F8:1D:78:D0:30:72,,,,,,,,,,Tofino,
4aa1dd25-41c6-42e2-bbd5-5aca5843dbb8,,,,,,,Production,,,,,,,,10.200.4.243,F8:1D:78:D0:09:52,,,,,,,,,,Tofino,
b5d93f94-27d9-402b-8f80-acc5b62d9cef,,,,,,,Production,,,,,,,,10.200.4.244,F8:1D:78:D0:09:4E,,,,,,,,,,Tofino,
6218bd5e-a89b-48a5-8418-de2b0408c839,,,,,,,Production,,,,,,,,10.200.4.245,F8:1D:78:D0:09:54,,,,,,,,,,Tofino,
45a5ae1f-c1dd-4ddc-9470-a339fa477bd1,,,,,,,Production,,,,,,,,10.200.4.246,F8:1D:78:D0:0B:06,,,,,,,,,,Tofino,
a5e5db2c-bb7a-47ee-8ccb-0fd44384ac1e,,,,,,,Production,,,,,,,,10.200.4.247,F8:1D:78:D0:0C:BC,,,,,,,,,,Tofino,
55157173-c847-4e85-924d-f91f16cbadb6,,,,,,,Production,,,,,,,,10.200.4.248,F8:1D:78:D0:0C:B4,,,,,,,,,,Tofino,
64f0d169-f263-4fc6-b979-173d65f6ad96,,,,,,,Production,,,,,,,,10.200.4.249,F8:1D:78:D0:0B:10,,,,,,,,,,Tofino,
7ac47628-2a46-48ab-8243-ee4c6faec891,,,,,,,Production,,,,,,,,10.200.4.250,F8:1D:78:D0:0C:BA,,,,,,,,,,Tofino,
16c13a42-37a2-43d4-b1ae-ed8a01370606,,,,,,,Production,,,,,,,,10.200.4.251,70:B3:D5:83:8F:14,,,,,,,,,,Tofino,
47e6ec21-1b5c-43a6-9689-081773487789,,,,,,,Production,,,,,,,,10.200.4.252,F8:1D:78:D0:0C:B0,,,,,,,,,,Tofino,
459df92a-8308-40e7-81a4-541468f80342,,,,,,,Production,,,,,,,,10.200.5.10,00:A0:EC:44:AA:E7,,,,,,,,,,Transmitton Ltd,
0bd8057a-781a-43c9-bbde-24da2c1c8aad,,,,,,,Production,,,,,,,,10.200.5.13,00:A0:EC:44:DC:61,,,,,,,,,,Transmitton Ltd,
0c19c035-1738-44f9-afa4-ad546d33e0ec,,,,,,,Production,,,,,,,,10.200.5.20,00:A0:EC:44:AA:F9,,,,,,,,,,Transmitton Ltd,
e18916a9-8112-4683-8086-f86214e2c72e,,,,,,,Production,,,,,,,,10.200.5.33,00:A0:EC:44:AF:19,,,,,,,,,,Transmitton Ltd,
93d4c7ca-297b-47c6-822c-b8ed0388a6f4,,,,,,,Production,,,,,,,,10.200.5.34,00:A0:EC:44:6A:B9,,,,,,,,,,Transmitton Ltd,
50aee9d6-86fa-4b16-bc65-82914e69207e,,,,,,,Production,,,,,,,,10.200.5.35,00:A0:EC:44:B8:85,,,,,,,,,,Transmitton Ltd,
687b157c-5341-4a96-bb34-68f7a8f23c1d,,,,,,,Production,,,,,,,,10.200.5.36,00:A0:EC:44:B8:F7,,,,,,,,,,Transmitton Ltd,
e3aa0576-bd26-488d-afe0-becbd16d1275,,,,,,,Production,,,,,,,,10.200.5.37,00:A0:EC:44:AF:0D,,,,,,,,,,Transmitton Ltd,
47660cae-5dae-4fdc-816f-664fcbb42107,,,,,,,Production,,,,,,,,10.200.5.38,00:A0:EC:44:AE:EF,,,,,,,,,,Transmitton Ltd,
39ded991-fe49-47f4-b200-c6e5606cdcfb,,,,,,,Production,,,,,,,,10.200.5.39,00:A0:EC:44:88:53,,,,,,,,,,Transmitton Ltd,
e8607aef-0cac-4b3f-b121-a8b676984f95,,,,,,,Production,,,,,,,,10.200.5.40,00:A0:EC:44:87:E7,,,,,,,,,,Transmitton Ltd,
2618049e-af74-4569-93d8-28b3b025846a,,,,,,,Production,,,,,,,,10.200.5.120,00:A0:EC:44:DF:37,,,,,,,,,,Transmitton Ltd,
29fb08e8-becc-4404-aaca-c9ca91ffdd2d,,,,,,,Production,,,,,,,,10.200.5.122,00:A0:EC:44:47:73,,,,,,,,,,Transmitton Ltd,
1b099a55-7d26-4ffb-b758-521089907f89,,,,,,,Production,,,,,,,,10.200.5.123,00:A0:EC:44:4C:C5,,,,,,,,,,Transmitton Ltd,
c5b044e7-52bc-4931-9bcb-29fd1e71d5b0,,,,,,,Production,,,,,,,,10.200.5.124,00:A0:EC:44:47:B5,,,,,,,,,,Transmitton Ltd,
00d566be-028b-44d8-b4c5-a5563dc49179,,,,,,,Production,,,,,,,,10.200.5.125,00:A0:EC:44:46:65,,,,,,,,,,Transmitton Ltd,
adcd5c3e-1099-471b-9090-98ec463e8809,,,,,,,Production,,,,,,,,10.200.5.126,00:A0:EC:45:42:31,,,,,,,,,,Transmitton Ltd,
e4da2772-3116-4f55-b7b4-afa18ba7e823,,,,,,,Production,,,,,,,,10.200.5.127,00:A0:EC:45:3A:03,,,,,,,,,,Transmitton Ltd,
41f39dcf-44b2-4d9d-9991-05a674ab671c,,,,,,,Production,,,,,,,,10.200.5.159,F8:1D:78:D0:11:88,,,,,,,,,,Tofino,
d2bbe16f-205c-4f62-a4fc-6f4635024bf4,,,,,,,Production,,,,,,,,10.200.5.168,F8:1D:78:D0:09:5E,,,,,,,,,,Tofino,
84446da4-7a23-46cd-9e93-47684f3b4cd3,,,,,,,Production,,,,,,,,10.200.5.169,F8:1D:78:D0:09:58,,,,,,,,,,Tofino,
43d53b82-6d93-4071-ac86-09ccc0b2f79d,,,,,,,Production,,,,,,,,10.200.5.172,F8:1D:78:D0:02:BA,,,,,,,,,,Tofino,
fb1726c7-3e25-4768-9fba-c1843a29451b,,,,,,,Production,,,,,,,,10.200.5.173,70:B3:D5:83:85:6A,,,,,,,,,,Tofino,
4c30ff38-9147-46e1-966d-b4deaf1b0dbc,,,,,,,Production,,,,,,,,10.200.5.174,F8:1D:78:D0:02:E0,,,,,,,,,,Tofino,
50cab526-a1e3-4fd9-901e-402db8d5ddec,,,,,,,Production,,,,,,,,10.200.5.176,F8:1D:78:D0:02:EA,,,,,,,,,,Tofino,
93a3bf87-532f-4d61-8727-e31668e7d463,,,,,,,Production,,,,,,,,10.200.5.177,F8:1D:78:D0:02:DC,,,,,,,,,,Tofino,
8e4c8db9-71b8-45bd-8abc-c005c020647b,,,,,,,Production,,,,,,,,10.200.5.178,F8:1D:78:D0:02:DA,,,,,,,,,,Tofino,
f64de449-6752-4c10-b7de-1380d5a31464,,,,,,,Production,,,,,,,,10.200.5.179,F8:1D:78:D0:02:B4,,,,,,,,,,Tofino,
e6c2dc21-d7c0-4f2e-bc02-f8a7a3886d8a,,,,,,,Production,,,,,,,,10.200.5.180,F8:1D:78:D0:03:04,,,,,,,,,,Tofino,
f159fa95-95e3-4257-9e68-41ec0ffb22ac,,,,,,,Production,,,,,,,,10.200.5.181,F8:1D:78:D0:01:E8,,,,,,,,,,Tofino,
2b8cc933-a98d-40ae-a787-afe4e5c33275,,,,,,,Production,,,,,,,,10.200.5.182,F8:1D:78:D0:03:18,,,,,,,,,,Tofino,
5c4d5659-e40f-4824-b4b6-406ea91410e9,,,,,,,Production,,,,,,,,10.200.5.183,F8:1D:78:D0:03:08,,,,,,,,,,Tofino,
d64a9a75-1b18-42e4-a581-2af2a1e85d09,,,,,,,Production,,,,,,,,10.200.5.184,F8:1D:78:D0:03:14,,,,,,,,,,Tofino,
9f7e4716-65fd-4b1f-9992-10c35dc9b54d,,,,,,,Production,,,,,,,,10.200.5.185,F8:1D:78:D0:02:CE,,,,,,,,,,Tofino,
3110204d-a8a0-4519-bb1e-810f46766bf6,,,,,,,Production,,,,,,,,10.200.5.186,F8:1D:78:D0:02:F6,,,,,,,,,,Tofino,
d7d86b07-4422-4665-b33f-fbbc25821832,,,,,,,Production,,,,,,,,10.200.5.187,F8:1D:78:D0:03:12,,,,,,,,,,Tofino,
b8567c9d-2517-4375-894f-864ab52ca175,,,,,,,Production,,,,,,,,10.200.5.188,F8:1D:78:D0:03:06,,,,,,,,,,Tofino,
3f36dade-81c4-416c-8d0e-5dda256c76be,,,,,,,Production,,,,,,,,10.200.5.189,F8:1D:78:D0:03:20,,,,,,,,,,Tofino,
9d5d0ff3-2f75-4718-a5e2-f09e6e04f470,,,,,,,Production,,,,,,,,10.200.5.190,F8:1D:78:D0:02:EE,,,,,,,,,,Tofino,
6e14f03f-880d-40ac-8418-81fb8195f9a0,,,,,,,Production,,,,,,,,10.200.5.191,F8:1D:78:D0:03:0C,,,,,,,,,,Tofino,
a11b6f1a-f85b-457c-99e4-bb7ac0318221,,,,,,,Production,,,,,,,,10.200.5.192,F8:1D:78:D0:03:2C,,,,,,,,,,Tofino,
3e179297-4642-466f-bf3c-65f5ccc3e92c,,,,,,,Production,,,,,,,,10.200.5.193,F8:1D:78:D0:02:E8,,,,,,,,,,Tofino,
2331521b-1ece-481d-99c7-3bd2ffbe28f3,,,,,,,Production,,,,,,,,10.200.5.194,F8:1D:78:D0:03:24,,,,,,,,,,Tofino,
d25ddfaf-eb29-4bde-b398-8985a0983c02,,,,,,,Production,,,,,,,,10.200.5.195,F8:1D:78:D0:02:F8,,,,,,,,,,Tofino,
f2186b1b-e08f-4f66-8dc4-cc97210b13f6,,,,,,,Production,,,,,,,,10.200.5.196,F8:1D:78:D0:02:E6,,,,,,,,,,Tofino,
f5378400-987c-4911-a92a-f8838182fbd2,,,,,,,Production,,,,,,,,10.200.5.197,F8:1D:78:D0:03:0E,,,,,,,,,,Tofino,
84dfbcb5-b42a-445c-85ee-9a6da4ea2d2a,,,,,,,Production,,,,,,,,10.200.5.198,F8:1D:78:D0:02:B8,,,,,,,,,,Tofino,
d68b60d7-d3b6-455e-88b6-beba4c3666b0,,,,,,,Production,,,,,,,,10.200.5.199,F8:1D:78:D0:01:EE,,,,,,,,,,Tofino,
476ba251-3f48-40f8-bf15-087d1ccd2fc8,,,,,,,Production,,,,,,,,10.200.5.200,70:B3:D5:83:85:70,,,,,,,,,,Tofino,
495c8110-17fe-4316-bf29-23ff6f2ff2ec,,,,,,,Production,,,,,,,,10.200.5.201,70:B3:D5:83:85:72,,,,,,,,,,Tofino,
637e707a-a051-4276-8e95-8c76e1a1ea61,,,,,,,Production,,,,,,,,10.200.5.202,70:B3:D5:83:8A:02,,,,,,,,,,Tofino,
2d1828dd-844e-4ed8-b63e-84091f4dff66,,,,,,,Production,,,,,,,,10.200.5.203,70:B3:D5:83:8E:E2,,,,,,,,,,Tofino,
9b6870fb-351c-44ca-b664-3d888829db58,,,,,,,Production,,,,,,,,10.200.5.210,F8:1D:78:D0:03:98,,,,,,,,,,Tofino,
911c00c9-83ae-4295-b03e-fc4db126e5ef,,,,,,,Production,,,,,,,,10.200.5.211,F8:1D:78:D0:03:A2,,,,,,,,,,Tofino,
b857d7d7-706c-49af-bc81-e56d96962f0e,,,,,,,Production,,,,,,,,10.200.5.213,F8:1D:78:D0:03:92,,,,,,,,,,Tofino,
4062ca0c-eee6-4751-b657-fc6f8ee41048,,,,,,,Production,,,,,,,,10.200.5.214,F8:1D:78:D0:03:A0,,,,,,,,,,Tofino,
9b23e686-02e1-495c-b66b-e6ecef994175,,,,,,,Production,,,,,,,,10.200.5.215,F8:1D:78:D0:01:D4,,,,,,,,,,Tofino,
39741943-26f2-4853-af68-36b116910b45,,,,,,,Production,,,,,,,,10.200.5.216,F8:1D:78:D0:03:9A,,,,,,,,,,Tofino,
e5ada3af-482d-4831-be83-8fe9b8cf56db,,,,,,,Production,,,,,,,,10.200.5.217,F8:1D:78:D0:01:DC,,,,,,,,,,Tofino,
58d4ceda-bd33-4e4c-92ff-216005112d1c,,,,,,,Production,,,,,,,,10.200.5.218,F8:1D:78:D0:03:9C,,,,,,,,,,Tofino,
bc97df22-b666-4bd9-99a9-7d46f98e1aeb,,,,,,,Production,,,,,,,,10.200.5.219,F8:1D:78:D0:01:DA,,,,,,,,,,Tofino,
f256f5e4-a9dc-4536-9c9e-2901b0eb33d8,,,,,,,Production,,,,,,,,10.200.5.221,F8:1D:78:D0:14:D8,,,,,,,,,,Tofino,
8dd3817c-1abd-4642-96c9-18d86379ef5e,,,,,,,Production,,,,,,,,10.200.5.222,F8:1D:78:D0:0B:56,,,,,,,,,,Tofino,
54d191ed-299b-4dcf-abbc-4a9d98d4caf8,,,,,,,Production,,,,,,,,10.200.5.223,F8:1D:78:D0:09:66,,,,,,,,,,Tofino,
b4133fa1-84f0-411a-9022-93b0367ce239,,,,,,,Production,,,,,,,,10.200.5.225,F8:1D:78:D0:14:DC,,,,,,,,,,Tofino,
0118c090-bcd3-468a-af77-8a6945701d71,,,,,,,Production,,,,,,,,10.200.5.229,F8:1D:78:D0:0B:58,,,,,,,,,,Tofino,
178e922a-f6a1-40b2-b515-0862156093c7,,,,,,,Production,,,,,,,,10.200.5.230,F8:1D:78:D0:0B:24,,,,,,,,,,Tofino,
38c6342a-b51e-4e5a-b301-c55224dedc13,,,,,,,Production,,,,,,,,10.200.5.231,F8:1D:78:D0:0B:16,,,,,,,,,,Tofino,
e0977cc8-9f5c-43be-a38b-31b957cbd789,,,,,,,Production,,,,,,,,10.200.5.232,F8:1D:78:D0:09:4C,,,,,,,,,,Tofino,
e98f5867-f119-497d-841e-fc17790c9e09,,,,,,,Production,,,,,,,,10.200.5.234,F8:1D:78:D0:09:6A,,,,,,,,,,Tofino,
31526ad9-fb00-4978-bbc0-6ee59285c7ec,,,,,,,Production,,,,,,,,10.200.5.235,F8:1D:78:D0:09:5C,,,,,,,,,,Tofino,
0e51c290-15c6-41cf-9c75-e20f140b8e2b,,,,,,,Production,,,,,,,,10.200.5.236,F8:1D:78:D0:0B:1C,,,,,,,,,,Tofino,
1ad3d661-719e-4096-bf9a-72a8c4d1cc79,,,,,,,Production,,,,,,,,10.200.5.237,F8:1D:78:D0:0B:02,,,,,,,,,,Tofino,
296f1bb8-02f1-43ae-aea4-8502cbf8e28a,,,,,,,Production,,,,,,,,10.200.5.238,F8:1D:78:D0:0B:28,,,,,,,,,,Tofino,
a59c71fe-fb84-4250-a30b-eaf8e9081a45,,,,,,,Production,,,,,,,,10.200.5.239,F8:1D:78:D0:0B:1E,,,,,,,,,,Tofino,
3b575e70-9f15-4553-830e-89b486c9baa2,,,,,,,Production,,,,,,,,10.200.5.240,F8:1D:78:D0:0B:1A,,,,,,,,,,Tofino,
a24d12d2-5ef3-4b93-94ea-089a6acaacdd,,,,,,,Production,,,,,,,,10.200.5.241,F8:1D:78:D0:0B:26,,,,,,,,,,Tofino,
d8d22524-8f20-4ab5-b2de-63b79824616b,,,,,,,Production,,,,,,,,10.200.5.247,F8:1D:78:D0:0B:0E,,,,,,,,,,Tofino,
d28846f9-25cf-4548-b18c-92e4748a6b1b,,,,,,,Production,,,,,,,,10.200.5.248,F8:1D:78:D0:0B:08,,,,,,,,,,Tofino,
afef71df-a7be-4790-9ee2-0a35be4b3581,,,,,,,Production,,,,,,,,10.200.5.249,F8:1D:78:D0:0C:B2,,,,,,,,,,Tofino,
401fa7c3-8fb7-40e9-94b4-207679dc311c,,,,,,,Production,,,,,,,,10.200.5.250,F8:1D:78:D0:0C:B8,,,,,,,,,,Tofino,
da8f1764-bd70-4074-b345-62b1088bffda,,,,,,,Production,,,,,,,,10.200.5.251,F8:1D:78:D0:0C:BE,,,,,,,,,,Tofino,
8f390d67-6d7b-4e63-ab4d-a920ca6a5f67,,,,,,,Production,,,,,,,,10.200.5.252,F8:1D:78:D0:0C:B6,,,,,,,,,,Tofino,
3141ba34-2cd7-49dc-86c9-fe8ea1c46789,,,,,MEDB01S,2026-02-10T16:10:03+00:00,Production,Microsoft,Windows Server 2012R2,6.3.9600,Server,VMware Virtual Platform,"VMware, Inc.",VMware-42 01 1b 1b 1a e1 f4 ca-fc a6 cd 91 c2 54 c5 07,10.200.110.74,00:50:56:81:6C:FD,,,,,,,,,,"VMware, Inc",
cdf4ad86-d232-4221-b7b2-ee6f957631da,,,,,METHIN01S,2026-02-10T15:57:49+00:00,Production,Microsoft,Windows Server 2012R2,6.3.9600,Server,VMware Virtual Platform,"VMware, Inc.",VMware-42 01 f3 d2 a2 2d 94 06-cd 47 1f 24 67 d2 dd 85,10.200.110.82,00:50:56:81:95:FE,,,,,,,,,,"VMware, Inc",
5b26a3ae-7069-4b41-b328-b599851361e1,,,,,FND_0_8E_10_01E,2026-01-29T17:00:31.198+00:00,Production,Cisco,IOS,15.2(5)EA,Network,1783-BMS10CGN,Cisco,FDO2017T0M1,"10.200.150.22,10.200.4.113","F4:54:33:CE:2B:80,F4:54:33:CE:2B:81,F4:54:33:CE:2B:82,F4:54:33:CE:2B:83,F4:54:33:CE:2B:84,F4:54:33:CE:2B:85,F4:54:33:CE:2B:86,F4:54:33:CE:2B:87,F4:54:33:CE:2B:88,F4:54:33:CE:2B:89,F4:54:33:CE:2B:8A,F4:54:33:CE:2B:C0,F4:54:33:CE:2B:C1,F4:54:33:CE:2B:C2",,,,,,2026-01-29T17:00:31.10002+00:00,,,,Rockwell Automation,
f614e3d9-444e-4133-8128-f20ebe877063,,,,,FND_0_8E_10_01F,2026-01-29T17:01:34.114+00:00,Production,Cisco,IOS,15.2(5)EA,Network,1783-BMS10CGN,Cisco,FDO2018T0H8,"10.200.150.24,10.200.5.113","F4:54:33:DD:CD:80,F4:54:33:DD:CD:81,F4:54:33:DD:CD:82,F4:54:33:DD:CD:83,F4:54:33:DD:CD:84,F4:54:33:DD:CD:85,F4:54:33:DD:CD:86,F4:54:33:DD:CD:87,F4:54:33:DD:CD:88,F4:54:33:DD:CD:89,F4:54:33:DD:CD:8A,F4:54:33:DD:CD:C0,F4:54:33:DD:CD:C1,F4:54:33:DD:CD:C2,F4:54:33:DD:CD:C3",,,,,,2026-01-29T17:01:34.026605+00:00,,,,Rockwell Automation,
043f3901-ecb3-474f-9c00-9d35337e7d80,,,,,FND_15_2B_01_01A,2026-01-28T23:02:09.537+00:00,Production,Cisco,IOS,15.2(4)EA3,Network,1783-BMS06SGA,Cisco,FDO2033T0ZG,"10.200.150.50,10.200.4.112","F4:54:33:E8:8B:00,F4:54:33:E8:8B:01,F4:54:33:E8:8B:02,F4:54:33:E8:8B:03,F4:54:33:E8:8B:04,F4:54:33:E8:8B:05,F4:54:33:E8:8B:06,F4:54:33:E8:8B:40,F4:54:33:E8:8B:41,F4:54:33:E8:8B:42,F4:54:33:E8:8B:43,F4:54:33:E8:8B:44",,,,,,2026-01-28T23:02:09.430079+00:00,,,,Rockwell Automation,
e139adfc-17d2-48a3-8ee6-e107dc0cf63f,,,,,FND_15_2B_01_01B,2026-01-29T17:01:08.159+00:00,Production,Cisco,IOS,15.2(4)EA3,Network,1783-BMS06SGA,Cisco,FDO2001T00A,"10.200.150.51,10.200.5.112","F4:54:33:69:E3:80,F4:54:33:69:E3:81,F4:54:33:69:E3:82,F4:54:33:69:E3:83,F4:54:33:69:E3:84,F4:54:33:69:E3:85,F4:54:33:69:E3:86,F4:54:33:69:E3:C0,F4:54:33:69:E3:C1,F4:54:33:69:E3:C2,F4:54:33:69:E3:C3,F4:54:33:69:E3:C4",,,,,,2026-01-29T17:01:08.033103+00:00,,,,Rockwell Automation,
e5f70ad1-4ac5-418e-8acc-76322955aac4,,,,,FND-15-2B-01-01E,2026-01-29T17:01:20.372+00:00,Production,Cisco,IOS,15.2(4)EA3,Network,1783-BMS10CGN,Cisco,FDO2012T0L8,"10.200.150.54,10.200.4.111","F4:54:33:CB:5F:00,F4:54:33:CB:5F:01,F4:54:33:CB:5F:02,F4:54:33:CB:5F:03,F4:54:33:CB:5F:04,F4:54:33:CB:5F:05,F4:54:33:CB:5F:06,F4:54:33:CB:5F:07,F4:54:33:CB:5F:08,F4:54:33:CB:5F:09,F4:54:33:CB:5F:0A,F4:54:33:CB:5F:40,F4:54:33:CB:5F:41,F4:54:33:CB:5F:42",,,,,,2026-01-29T17:01:20.244594+00:00,,,,Rockwell Automation,
b4b0179a-4a01-4f34-885e-25a1625bef69,,,,,FND-15-2B-01-01F,2026-01-29T17:00:47.618+00:00,Production,Cisco,IOS,15.2(4)EA3,Network,1783-BMS10CGN,Cisco,FDO2016U0TM,"10.200.150.55,10.200.5.111","F4:54:33:CF:92:80,F4:54:33:CF:92:81,F4:54:33:CF:92:82,F4:54:33:CF:92:83,F4:54:33:CF:92:84,F4:54:33:CF:92:85,F4:54:33:CF:92:86,F4:54:33:CF:92:87,F4:54:33:CF:92:88,F4:54:33:CF:92:89,F4:54:33:CF:92:8A,F4:54:33:CF:92:C0,F4:54:33:CF:92:C1,F4:54:33:CF:92:C2",,,,,,2026-01-29T17:00:47.527568+00:00,,,,Rockwell Automation,
5a589021-6194-4a6e-baa3-f1d327a07cce,,,,,SW1_75,2026-01-28T23:02:04.802+00:00,Production,Cisco,IOS,15.2(4)EA3,Network,1783-BMS06SGA,Cisco,FDO2033T0ZM,"10.200.150.75,10.200.4.141","F4:54:33:E8:8D:80,F4:54:33:E8:8D:81,F4:54:33:E8:8D:82,F4:54:33:E8:8D:83,F4:54:33:E8:8D:84,F4:54:33:E8:8D:85,F4:54:33:E8:8D:86,F4:54:33:E8:8D:C0,F4:54:33:E8:8D:C1,F4:54:33:E8:8D:C2,F4:54:33:E8:8D:C3",,,,,,2026-01-28T23:02:04.702991+00:00,,,,Rockwell Automation,
181730c7-bf74-493f-9a5d-597b0313d0be,,,,,SW2_76,2026-01-29T17:00:15.941+00:00,Production,Cisco,IOS,15.2(4)EA3,Network,1783-BMS06SGA,Cisco,FDO2029U0B2,"10.200.150.76,10.200.4.142","F4:54:33:D8:7B:80,F4:54:33:D8:7B:81,F4:54:33:D8:7B:82,F4:54:33:D8:7B:83,F4:54:33:D8:7B:84,F4:54:33:D8:7B:85,F4:54:33:D8:7B:86,F4:54:33:D8:7B:C0,F4:54:33:D8:7B:C1,F4:54:33:D8:7B:C2,F4:54:33:D8:7B:C3",,,,,,2026-01-29T17:00:15.815789+00:00,,,,Rockwell Automation,
3c9dd09a-2237-40c4-8fee-c8d72b826270,,,,,SW1_77,2026-01-28T23:01:51.664+00:00,Production,Cisco,IOS,15.2(4)EA3,Network,1783-BMS06SGA,Cisco,FDO2029U0B3,"10.200.150.77,10.200.4.143","F4:54:33:D8:7C:00,F4:54:33:D8:7C:01,F4:54:33:D8:7C:02,F4:54:33:D8:7C:03,F4:54:33:D8:7C:04,F4:54:33:D8:7C:05,F4:54:33:D8:7C:06,F4:54:33:D8:7C:40,F4:54:33:D8:7C:41,F4:54:33:D8:7C:42,F4:54:33:D8:7C:43",,,,,,2026-01-28T23:01:51.555506+00:00,,,,Rockwell Automation,
fec32736-4e54-4ca7-bc59-97e1e5355927,,,,,SW2_78,2026-01-28T23:01:49.473+00:00,Production,Cisco,IOS,15.2(4)EA3,Network,1783-BMS06SGA,Cisco,FDO2033T0ZJ,"10.200.150.78,10.200.4.144","F4:54:33:E8:8C:00,F4:54:33:E8:8C:01,F4:54:33:E8:8C:02,F4:54:33:E8:8C:03,F4:54:33:E8:8C:04,F4:54:33:E8:8C:05,F4:54:33:E8:8C:06,F4:54:33:E8:8C:40,F4:54:33:E8:8C:41,F4:54:33:E8:8C:42,F4:54:33:E8:8C:43",,,,,,2026-01-28T23:01:49.377324+00:00,,,,Rockwell Automation,
cc3819ae-e15c-4ae2-85f6-1ab35a1505c2,,,,,SW2_80,2026-01-28T11:02:20.831+00:00,Production,Cisco,IOS,15.2(4)EA3,Network,1783-BMS06SGA,Cisco,FDO2029U057,"10.200.150.80,10.200.4.146","F4:54:33:D8:6C:80,F4:54:33:D8:6C:81,F4:54:33:D8:6C:82,F4:54:33:D8:6C:83,F4:54:33:D8:6C:84,F4:54:33:D8:6C:85,F4:54:33:D8:6C:86,F4:54:33:D8:6C:C0,F4:54:33:D8:6C:C1,F4:54:33:D8:6C:C2,F4:54:33:D8:6C:C3",,,,,,2026-01-28T11:02:20.718185+00:00,,,,Rockwell Automation,
6eb52656-6848-4d6b-8072-180acc03a7bf,,,,,SW1_81,2026-01-28T23:01:36.395+00:00,Production,Cisco,IOS,15.2(5)EA,Network,1783-BMS06SGA,Cisco,FDO2035T197,"10.200.150.81,10.200.4.147","F4:54:33:EB:AF:80,F4:54:33:EB:AF:81,F4:54:33:EB:AF:82,F4:54:33:EB:AF:83,F4:54:33:EB:AF:84,F4:54:33:EB:AF:85,F4:54:33:EB:AF:86,F4:54:33:EB:AF:C0,F4:54:33:EB:AF:C1,F4:54:33:EB:AF:C2",,,,,,2026-01-29T16:29:03.230705+00:00,,,,Rockwell Automation,
c579ccad-d260-4679-8f55-f522d7c375de,,,,,00PNSW-61441-1_82,2026-01-29T17:01:02.223+00:00,Production,Cisco,IOS,15.2(4)EA3,Network,1783-BMS06SGA,Cisco,FDO2033T0ZD,"10.200.150.82,10.200.4.148","F4:54:33:E8:89:80,F4:54:33:E8:89:81,F4:54:33:E8:89:82,F4:54:33:E8:89:83,F4:54:33:E8:89:84,F4:54:33:E8:89:85,F4:54:33:E8:89:86,F4:54:33:E8:89:C0,F4:54:33:E8:89:C1,F4:54:33:E8:89:C2,F4:54:33:E8:89:C3",,,,,,2026-01-29T17:01:02.057991+00:00,,,,Rockwell Automation,
e2f0d065-ccae-42cc-b054-cb96c58e8505,,,,,SW1_83_Ship,2026-01-29T17:01:03.506+00:00,Production,Cisco,IOS,15.2(5)EA,Network,1783-BMS06SGA,Cisco,FDO2116T0B0,"10.200.150.83,10.200.4.149","34:C0:F9:3D:87:00,34:C0:F9:3D:87:01,34:C0:F9:3D:87:02,34:C0:F9:3D:87:03,34:C0:F9:3D:87:04,34:C0:F9:3D:87:05,34:C0:F9:3D:87:06,34:C0:F9:3D:87:40,34:C0:F9:3D:87:41,34:C0:F9:3D:87:42",,,,,,2026-01-29T17:01:03.230737+00:00,,,,Rockwell Automation,
c5b0a77c-3fb9-4711-babe-257c730d0c63,,,,,SW1_84,2026-01-28T23:01:20.76+00:00,Production,Cisco,IOS,15.2(4)EA3,Network,1783-BMS20CGN,Cisco,FDO2016U0UF,"10.200.150.84,10.200.4.150","F4:54:33:CF:A0:80,F4:54:33:CF:A0:81,F4:54:33:CF:A0:82,F4:54:33:CF:A0:83,F4:54:33:CF:A0:84,F4:54:33:CF:A0:85,F4:54:33:CF:A0:86,F4:54:33:CF:A0:87,F4:54:33:CF:A0:88,F4:54:33:CF:A0:89,F4:54:33:CF:A0:8A,F4:54:33:CF:A0:8B,F4:54:33:CF:A0:8C,F4:54:33:CF:A0:8D,F4:54:33:CF:A0:8E,F4:54:33:CF:A0:8F,F4:54:33:CF:A0:90,F4:54:33:CF:A0:91,F4:54:33:CF:A0:92,F4:54:33:CF:A0:93,F4:54:33:CF:A0:94,F4:54:33:CF:A0:C0,F4:54:33:CF:A0:C1,F4:54:33:CF:A0:C2",,,,,,2026-01-29T16:03:17.439187+00:00,,,,Rockwell Automation,
491a4e76-ae33-44a8-b0d6-2812e9e64500,,,,,SW2_85,2026-01-29T17:00:17.552+00:00,Production,Cisco,IOS,15.2(4)EA3,Network,1783-BMS20CGN,Cisco,FDO2013T087,"10.200.150.85,10.200.4.151","F4:54:33:CB:E7:00,F4:54:33:CB:E7:01,F4:54:33:CB:E7:02,F4:54:33:CB:E7:03,F4:54:33:CB:E7:04,F4:54:33:CB:E7:05,F4:54:33:CB:E7:06,F4:54:33:CB:E7:07,F4:54:33:CB:E7:08,F4:54:33:CB:E7:09,F4:54:33:CB:E7:0A,F4:54:33:CB:E7:0B,F4:54:33:CB:E7:0C,F4:54:33:CB:E7:0D,F4:54:33:CB:E7:0E,F4:54:33:CB:E7:0F,F4:54:33:CB:E7:10,F4:54:33:CB:E7:11,F4:54:33:CB:E7:12,F4:54:33:CB:E7:13,F4:54:33:CB:E7:14,F4:54:33:CB:E7:40,F4:54:33:CB:E7:41,F4:54:33:CB:E7:42",,,,,,2026-01-29T17:00:17.439191+00:00,,,,Rockwell Automation,
84e006a3-5843-4e23-87a3-0d02499c4065,,,,,SW3_86,2026-01-28T23:01:18.187+00:00,Production,Cisco,IOS,15.2(4)EA3,Network,1783-BMS06SGA,Cisco,FDO2033T0Z8,"10.200.150.86,10.200.4.152","F4:54:33:E8:87:00,F4:54:33:E8:87:01,F4:54:33:E8:87:02,F4:54:33:E8:87:03,F4:54:33:E8:87:04,F4:54:33:E8:87:05,F4:54:33:E8:87:06,F4:54:33:E8:87:40,F4:54:33:E8:87:41,F4:54:33:E8:87:42",,,,,,2026-01-29T15:27:18.549769+00:00,,,,Rockwell Automation,
e5af480f-bd5b-4ab7-863d-eaf015a0f2ff,,,,,SW4_87,2026-01-29T17:01:18.699+00:00,Production,Cisco,IOS,15.2(4)EA3,Network,1783-BMS06SGA,Cisco,FDO2029U05X,"10.200.150.87,10.200.5.152","F4:54:33:D8:75:00,F4:54:33:D8:75:01,F4:54:33:D8:75:02,F4:54:33:D8:75:03,F4:54:33:D8:75:04,F4:54:33:D8:75:05,F4:54:33:D8:75:06,F4:54:33:D8:75:40,F4:54:33:D8:75:41,F4:54:33:D8:75:42",,,,,,2026-01-29T17:01:18.549773+00:00,,,,Rockwell Automation,
055daba3-b09f-405c-83e2-8dc595f95f26,,,,,SW3_88,2026-01-28T11:00:16.667+00:00,Production,Cisco,IOS,15.2(4)EA3,Network,1783-BMS06SGA,Cisco,FDO2025U08D,"10.200.150.88,10.200.4.154","F4:54:33:D5:2C:80,F4:54:33:D5:2C:81,F4:54:33:D5:2C:82,F4:54:33:D5:2C:83,F4:54:33:D5:2C:84,F4:54:33:D5:2C:85,F4:54:33:D5:2C:86,F4:54:33:D5:2C:C0,F4:54:33:D5:2C:C1,F4:54:33:D5:2C:C2",,,,,,2026-01-29T14:30:17.439176+00:00,,,,Rockwell Automation,
b29eb49c-3d6c-4796-821d-a25a12ed17c4,,,,,SW4_89,2026-01-29T17:00:46.623+00:00,Production,Cisco,IOS,15.2(4)EA3,Network,1783-BMS06SGA,Cisco,FDO2035T1A8,"10.200.150.89,10.200.5.154","F4:54:33:EB:C1:00,F4:54:33:EB:C1:01,F4:54:33:EB:C1:02,F4:54:33:EB:C1:03,F4:54:33:EB:C1:04,F4:54:33:EB:C1:05,F4:54:33:EB:C1:06,F4:54:33:EB:C1:40,F4:54:33:EB:C1:41,F4:54:33:EB:C1:42",,,,,,2026-01-29T17:00:46.531596+00:00,,,,Rockwell Automation,
f42f2d59-f498-4aab-8434-6bbedf6c43d0,,,,,SW3_90,2026-01-29T17:01:23.255+00:00,Production,Cisco,IOS,15.2(4)EA3,Network,1783-BMS06SGA,Cisco,FDO2033T0ZV,"10.200.150.90,10.200.4.156","F4:54:33:E8:91:80,F4:54:33:E8:91:81,F4:54:33:E8:91:82,F4:54:33:E8:91:83,F4:54:33:E8:91:84,F4:54:33:E8:91:85,F4:54:33:E8:91:86,F4:54:33:E8:91:C0,F4:54:33:E8:91:C1,F4:54:33:E8:91:C2",,,,,,2026-01-29T17:01:23.125582+00:00,,,,Rockwell Automation,
9c562327-c097-43f4-9da4-2bced9db79fb,,,,,SW4_91,2026-01-29T17:00:32.263+00:00,Production,Cisco,IOS,15.2(4)EA3,Network,1783-BMS06SGA,Cisco,FDO2029U05H,"10.200.150.91,10.200.5.156","F4:54:33:D8:6F:80,F4:54:33:D8:6F:81,F4:54:33:D8:6F:82,F4:54:33:D8:6F:83,F4:54:33:D8:6F:84,F4:54:33:D8:6F:85,F4:54:33:D8:6F:86,F4:54:33:D8:6F:C0,F4:54:33:D8:6F:C1,F4:54:33:D8:6F:C2",,,,,,2026-01-29T17:00:32.147761+00:00,,,,Rockwell Automation,
075b68f7-39ee-4514-95a0-28163999889f,,,,,SW3_92,2026-01-28T23:00:51.167+00:00,Production,Cisco,IOS,15.2(4)EA3,Network,1783-BMS06SGA,Cisco,FDO2033T0ZF,"10.200.150.92,10.200.4.158","F4:54:33:E8:8A:80,F4:54:33:E8:8A:81,F4:54:33:E8:8A:82,F4:54:33:E8:8A:83,F4:54:33:E8:8A:84,F4:54:33:E8:8A:85,F4:54:33:E8:8A:86,F4:54:33:E8:8A:C0,F4:54:33:E8:8A:C1,F4:54:33:E8:8A:C2",,,,,,2026-01-28T23:00:51.070544+00:00,,,,Rockwell Automation,
923e0e2b-e4af-4298-88fb-249178635e6d,,,,,SW4_93,2026-01-29T17:00:32.657+00:00,Production,Cisco,IOS,15.2(4)EA3,Network,1783-BMS06SGA,Cisco,FDO2033T0Z5,"10.200.150.93,10.200.5.158","F4:54:33:E8:85:80,F4:54:33:E8:85:81,F4:54:33:E8:85:82,F4:54:33:E8:85:83,F4:54:33:E8:85:84,F4:54:33:E8:85:85,F4:54:33:E8:85:86,F4:54:33:E8:85:C0,F4:54:33:E8:85:C1,F4:54:33:E8:85:C2",,,,,,2026-01-29T17:00:32.267832+00:00,,,,Rockwell Automation,
4a377f79-418b-43f6-8c47-caa658b12f71,,,,,SW1_94,2026-01-29T17:00:16.839+00:00,Production,Cisco,IOS,15.2(4)EA3,Network,1783-BMS10CGA,Cisco,FDO2030T0EL,"10.200.150.94,10.200.4.160","F4:54:33:E5:91:00,F4:54:33:E5:91:01,F4:54:33:E5:91:02,F4:54:33:E5:91:03,F4:54:33:E5:91:04,F4:54:33:E5:91:05,F4:54:33:E5:91:06,F4:54:33:E5:91:07,F4:54:33:E5:91:08,F4:54:33:E5:91:09,F4:54:33:E5:91:0A,F4:54:33:E5:91:40,F4:54:33:E5:91:41,F4:54:33:E5:91:42",,,,,,2026-01-29T17:00:16.739986+00:00,,,,Rockwell Automation,
a7d71d21-fa9f-4b4f-a774-d7927d5271ba,,,,,SW1_95,2026-01-28T23:00:47.923+00:00,Production,Cisco,IOS,15.2(4)EA3,Network,1783-BMS10CGA,Cisco,FDO2030T0F2,"10.200.150.95,10.200.4.161","F4:54:33:E5:99:00,F4:54:33:E5:99:01,F4:54:33:E5:99:02,F4:54:33:E5:99:03,F4:54:33:E5:99:04,F4:54:33:E5:99:05,F4:54:33:E5:99:06,F4:54:33:E5:99:07,F4:54:33:E5:99:08,F4:54:33:E5:99:09,F4:54:33:E5:99:0A,F4:54:33:E5:99:40,F4:54:33:E5:99:41,F4:54:33:E5:99:42",,,,,,2026-01-28T23:00:47.831967+00:00,,,,Rockwell Automation,
c558b434-2f9f-4650-863c-d3b86ad92d97,,,,,SW1_96,2026-01-29T17:00:48.458+00:00,Production,Cisco,IOS,15.2(4)EA3,Network,1783-BMS10CGA,Cisco,FDO2030T0ER,"10.200.150.96,10.200.4.162","F4:54:33:E5:93:80,F4:54:33:E5:93:81,F4:54:33:E5:93:82,F4:54:33:E5:93:83,F4:54:33:E5:93:84,F4:54:33:E5:93:85,F4:54:33:E5:93:86,F4:54:33:E5:93:87,F4:54:33:E5:93:88,F4:54:33:E5:93:89,F4:54:33:E5:93:8A,F4:54:33:E5:93:C0,F4:54:33:E5:93:C1,F4:54:33:E5:93:C2",,,,,,2026-01-29T17:00:48.360418+00:00,,,,Rockwell Automation,
bd730157-11b8-4d33-8797-fae1c81d9f19,,,,,SW1_97,2026-01-28T23:00:33.243+00:00,Production,Cisco,IOS,15.2(4)EA3,Network,1783-BMS10CGA,Cisco,FDO2030T0EQ,"10.200.150.97,10.200.4.163","F4:54:33:E5:93:00,F4:54:33:E5:93:01,F4:54:33:E5:93:02,F4:54:33:E5:93:03,F4:54:33:E5:93:04,F4:54:33:E5:93:05,F4:54:33:E5:93:06,F4:54:33:E5:93:07,F4:54:33:E5:93:08,F4:54:33:E5:93:09,F4:54:33:E5:93:0A,F4:54:33:E5:93:40,F4:54:33:E5:93:41,F4:54:33:E5:93:42",,,,,,2026-01-28T23:00:33.144457+00:00,,,,Rockwell Automation,
eaed71d0-6af3-41d0-b944-a370545cc0da,,,,,SW1_98,2026-01-28T23:00:32.382+00:00,Production,Cisco,IOS,15.2(4)EA3,Network,1783-BMS10CGA,Cisco,FDO2030T0F7,"10.200.150.98,10.200.4.164","F4:54:33:E5:9B:80,F4:54:33:E5:9B:81,F4:54:33:E5:9B:82,F4:54:33:E5:9B:83,F4:54:33:E5:9B:84,F4:54:33:E5:9B:85,F4:54:33:E5:9B:86,F4:54:33:E5:9B:87,F4:54:33:E5:9B:88,F4:54:33:E5:9B:89,F4:54:33:E5:9B:8A,F4:54:33:E5:9B:C0,F4:54:33:E5:9B:C1,F4:54:33:E5:9B:C2",,,,,,2026-01-28T23:00:32.289945+00:00,,,,Rockwell Automation,
5cf36814-b9e3-424a-98c7-20d7df3547cf,,,,,SW1_99,2026-01-28T23:00:19.979+00:00,Production,Cisco,IOS,15.2(4)EA3,Network,1783-BMS10CGA,Cisco,FDO2030T0EF,"10.200.150.99,10.200.4.165","F4:54:33:E5:8E:80,F4:54:33:E5:8E:81,F4:54:33:E5:8E:82,F4:54:33:E5:8E:83,F4:54:33:E5:8E:84,F4:54:33:E5:8E:85,F4:54:33:E5:8E:86,F4:54:33:E5:8E:87,F4:54:33:E5:8E:88,F4:54:33:E5:8E:89,F4:54:33:E5:8E:8A,F4:54:33:E5:8E:C0,F4:54:33:E5:8E:C1,F4:54:33:E5:8E:C2",,,,,,2026-01-28T23:00:19.888977+00:00,,,,Rockwell Automation,
c400a968-6088-4245-9891-9f3e09e9101f,,,,,SW1_100,2026-01-28T23:00:17.293+00:00,Production,Cisco,IOS,15.2(4)EA3,Network,1783-BMS10CGA,Cisco,FDO2030T0EX,"10.200.150.100,10.200.4.166","F4:54:33:E5:96:80,F4:54:33:E5:96:81,F4:54:33:E5:96:82,F4:54:33:E5:96:83,F4:54:33:E5:96:84,F4:54:33:E5:96:85,F4:54:33:E5:96:86,F4:54:33:E5:96:87,F4:54:33:E5:96:88,F4:54:33:E5:96:89,F4:54:33:E5:96:8A,F4:54:33:E5:96:C0,F4:54:33:E5:96:C1,F4:54:33:E5:96:C2",,,,,,2026-01-28T23:00:16.680349+00:00,,,,Rockwell Automation,
a46a9131-bb6e-40d8-96e1-049e1e9ac525,,,,,SW1_101,2026-01-28T23:00:16.394+00:00,Production,Cisco,IOS,15.2(4)EA3,Network,1783-BMS10CGA,Cisco,FDO2030T0FF,"10.200.150.101,10.200.4.167","F4:54:33:E5:9F:80,F4:54:33:E5:9F:81,F4:54:33:E5:9F:82,F4:54:33:E5:9F:83,F4:54:33:E5:9F:84,F4:54:33:E5:9F:85,F4:54:33:E5:9F:86,F4:54:33:E5:9F:87,F4:54:33:E5:9F:88,F4:54:33:E5:9F:89,F4:54:33:E5:9F:8A,F4:54:33:E5:9F:C0,F4:54:33:E5:9F:C1,F4:54:33:E5:9F:C2",,,,,,2026-01-28T23:00:16.282161+00:00,,,,Rockwell Automation,
77c6722e-bb25-44b0-8022-4c00e7495ec2,,,,,MHIC-DC1,2026-01-21T20:04:54+00:00,Production,Microsoft,Windows Server 2019,1809,Server,VMware Virtual Platform,"VMware, Inc.",VMware-42 30 88 a0 12 2c 40 ac-99 53 16 dc e8 12 90 1d,10.220.30.28,00:50:56:B0:B5:D7,,,,,,2026-02-10T16:58:21.6755444+00:00,,,,"VMware, Inc",
3349d22e-6b6f-4864-853c-33331bb89d6c,,,,,MHICAD01,2026-02-10T16:17:31+00:00,Production,Microsoft,Windows Server 2012R2,6.3.9600,Server,VMware Virtual Platform,"VMware, Inc.",VMware-42 30 09 90 60 3b ea 54-f6 f0 bf f0 34 62 a6 2f,10.220.30.30,00:50:56:B0:20:6A,,,,,,2026-02-10T16:58:21.6755449+00:00,,,,"VMware, Inc",
a21e3e50-508f-4ac8-85a6-cecf94b54606,,,,,OTMHT-DCOP01P,2026-02-10T16:26:56+00:00,Production,Microsoft,Windows Server 2022,21H2,Server,"VMware20,1","VMware, Inc.",VMware-42 2a c7 19 1b 8a 77 77-c8 b3 db d5 99 3e 0c 2c,10.220.30.65,00:50:56:AA:92:C8,,,,,,2026-02-10T16:54:41.8141903+00:00,,,,"VMware, Inc",
584b180e-3e3c-4426-ab93-6266b51ff0ce,,,,,OTMHT-DCOP02P,2026-02-10T16:27:02+00:00,Production,Microsoft,Windows Server 2022,21H2,Server,"VMware20,1","VMware, Inc.",VMware-42 2a 1b bc cb a4 8d af-d2 7a 93 0c 46 34 73 a5,10.220.30.66,00:50:56:AA:3A:D8,,,,,,2026-02-10T16:54:41.8141909+00:00,,,,"VMware, Inc",
0975c8d3-20a5-41d2-a51b-b84c6e8b2a5e,,,,,MHDATAP01,2026-02-10T16:36:15+00:00,Production,Microsoft,Windows Server 2019,1809,Server,VMware Virtual Platform,"VMware, Inc.",VMware-42 30 5f 31 e3 d9 90 f8-be 25 cc 63 25 0b 85 36,10.220.30.90,00:0C:29:0B:85:36,,,,,,2026-02-10T16:58:21.675546+00:00,,,,"VMware, Inc",
923ce5de-318b-4daa-91fd-cc35a24e0623,,,,,otmht-apvam01p,2026-02-10T17:08:26.269+00:00,Production,Canonical,Ubuntu 24.04,24.04,,,"VMware, Inc.",VMware-42 2a dd 37 96 73 13 9a-8f 59 4e cd 1e 1d 08 80,"10.220.30.105,fe80::250:56ff:feaa:8300%2,172.18.0.1,fe80::38cc:d6ff:fee4:c20d%4,fe80::4ca0:a7ff:fe62:2f2%9,fe80::fcb7:87ff:fe43:b346%19,fe80::3087:c9ff:feb4:d80d%23,fe80::c40a:4dff:fe1c:d990%61,fe80::38f0:dff:fedc:176f%63,fe80::44b0:ccff:fedd:8a85%71,fe80::106c:3eff:fe41:db03%83,fe80::884f:2ff:fe60:98b5%85,fe80::7cda:4aff:feba:f047%87,fe80::8442:3cff:fe2c:6241%89,fe80::ec55:29ff:fe8f:b9ac%91,fe80::6831:f4ff:fecc:29ba%5747,fe80::c8ad:bcff:fe2c:c582%5247,fe80::a8ab:a6ff:fea0:6006%5251,fe80::4001:87ff:fe24:7df1%5255,fe80::9ca1:abff:fe7e:4f8%5259,fe80::583e:64ff:fe82:a9cf%5263,fe80::2445:49ff:fe68:f162%5267,fe80::6cf9:87ff:fe79:b2fb%5275,fe80::b434:26ff:fe74:dfc8%5279","00:50:56:AA:83:00,12:6C:3E:41:DB:03,26:45:49:68:F1:62,32:87:C9:B4:D8:0D,3A:CC:D6:E4:C2:0D,3A:F0:0D:DC:17:6F,42:01:87:24:7D:F1,46:B0:CC:DD:8A:85,4E:A0:A7:62:02:F2,5A:3E:64:82:A9:CF,6A:31:F4:CC:29:BA,6E:F9:87:79:B2:FB,7E:DA:4A:BA:F0:47,86:42:3C:2C:62:41,8A:4F:02:60:98:B5,9E:A1:AB:7E:04:F8,AA:AB:A6:A0:60:06,B6:34:26:74:DF:C8,C6:0A:4D:1C:D9:90,CA:AD:BC:2C:C5:82,EE:55:29:8F:B9:AC,FE:B7:87:43:B3:46",,,,,,2026-02-10T16:58:21.6755468+00:00,,,,"VMware, Inc",
a51d8e56-c68c-430d-a7f1-4a181d1f4086,,,,,OTMHT-APFXR01P,2026-02-10T17:09:10.838+00:00,Production,Microsoft,Windows Server 2022,21H2,Server,"VMware20,1","VMware, Inc.",VMware-42 2a 60 51 d3 02 bc 3a-d8 54 cf fa 66 a9 34 b7,10.220.30.107,00:50:56:AA:7B:C3,,,,,,2026-02-10T16:58:21.6755473+00:00,,,,"VMware, Inc",
f03620c5-429b-4d22-8d71-422a8be9c27b,,,,,OTMHT-TSRDH01P,2026-02-10T17:09:25.079+00:00,Production,Microsoft,Windows Server 2022,21H2,Server,"VMware20,1","VMware, Inc.",VMware-42 2a 95 a3 42 9c 39 ca-2d c5 6d b5 6e ec 0f b7,"10.220.30.111,192.168.223.1,192.168.32.1,169.254.213.178,fe80:0:0:0:ac4c:3b60:fdfd:d5b2,fe80:0:0:0:3027:2204:75e7:27e0,fe80:0:0:0:4155:d19d:9d68:c0b2,fe80::ac4c:3b60:fdfd:d5b2%18,fe80::3027:2204:75e7:27e0%8,fe80::4155:d19d:9d68:c0b2%11","00:50:56:AA:96:E3,02:00:4C:4F:4F:50,00:50:56:C0:00:01,00:50:56:C0:00:08",,,,,,2026-02-10T16:54:41.8141929+00:00,,,,"VMware, Inc",
b298bd6a-38eb-40b6-acc8-1c46457fa495,,,,,OTMHT-TSRDH02P,2026-02-10T17:09:03.986+00:00,Production,Microsoft,Windows Server 2022,21H2,Server,"VMware20,1","VMware, Inc.",VMware-42 2a b3 65 13 84 5c c3-b4 88 a7 5e 98 39 4a 7d,10.220.30.112,00:50:56:AA:D5:F3,,,,,,2026-02-10T16:54:41.8141934+00:00,,,,"VMware, Inc",
afe879ca-7132-428c-bccc-45b802b78449,,,,,OTMHT-TSRDH03P,2026-02-10T16:26:51+00:00,Production,Microsoft,Windows Server 2022,21H2,Server,"VMware20,1","VMware, Inc.",VMware-42 2a 95 a6 8c ac 8b 18-c4 6d 29 2f 9d ad 03 5f,10.220.30.113,00:50:56:AA:9A:79,,,,,,2026-02-10T16:54:41.8141949+00:00,,,,"VMware, Inc",
2aa81864-70e5-4124-8e2b-2ccad4cd51fe,,,,,OTMHT-TSRDH04P,2026-02-10T17:09:20.234+00:00,Production,Microsoft,Windows Server 2022,21H2,Server,"VMware20,1","VMware, Inc.",VMware-42 2a fe 4f 67 e2 25 cc-c0 52 2f 31 af dc 62 02,10.220.30.114,00:50:56:AA:8F:8C,,,,,,2026-02-10T16:54:41.8141955+00:00,,,,"VMware, Inc",
c64fb760-a753-4f15-a909-d9f74bb7a874,,,,,OTMHT-NAPS,2026-02-10T16:33:58+00:00,Production,Microsoft,Windows Server 2022,21H2,Server,,,FR4NMD2,10.220.30.117,"24:6E:96:2F:07:6F,24:6E:96:2F:07:6C",,,,,,2026-02-10T16:54:41.8141962+00:00,,,,Dell Inc,
f241a7a4-0700-494e-9054-24b1bf2c9a2c,,,,,SXLMHICAD01,2026-02-10T16:17:34+00:00,Production,Microsoft,Windows Server 2012R2,6.3.9600,Server,VMware Virtual Platform,"VMware, Inc.",VMware-42 30 70 53 1b 99 37 44-ca b5 1c ab 3c a0 f1 01,10.220.30.130,00:50:56:B0:1A:5E,,,,,,2026-02-10T16:58:21.6755478+00:00,,,,"VMware, Inc",
7225b9fd-0596-400f-ad66-4bc857599e57,,,,,SXLMHICAD02,2026-02-10T16:33:09+00:00,Production,Microsoft,Windows Server 2012R2,6.3.9600,Server,VMware Virtual Platform,"VMware, Inc.",VMware-42 30 06 bf 72 0a ea 63-bf e4 bf 1b 1c c7 8b 52,10.220.30.134,00:50:56:B0:67:11,,,,,,2026-02-10T16:58:21.6755483+00:00,,,,"VMware, Inc",
63b4ce0d-f043-43a4-92cf-419759768cf5,,,,,OTMHT-APBE01P,2026-02-10T16:26:42+00:00,Production,Microsoft,Windows Server 2022,21H2,Server,"VMware20,1","VMware, Inc.",VMware-42 2a c4 27 cd fb 29 85-a4 8b 15 b5 55 85 24 a3,10.220.30.136,00:50:56:AA:63:01,,,,,,2026-02-10T16:58:21.6755488+00:00,,,,"VMware, Inc",
f33a257e-649c-4568-a571-ea5792665f2f,,,,,PLANT-LOGR,2026-02-10T16:37:46+00:00,Production,Microsoft,Windows Server 2019,1809,Server,VMware Virtual Platform,"VMware, Inc.",VMware-42 30 54 a5 76 fe cf af-6f b4 a9 84 85 15 c5 49,10.220.30.143,00:50:56:B0:67:73,,,,,,2026-02-10T16:54:41.8141985+00:00,,,,"VMware, Inc",
d8146681-5716-4f2d-a5e6-2cf2feefffc0,,,,,OTMHT-APTIPS01P,2026-02-10T16:42:51+00:00,Production,Microsoft,Windows Server 2022,21H2,Server,"VMware20,1","VMware, Inc.",VMware-42 2a 4d 69 87 b8 f5 5c-dd 1d b4 59 bb 4e 3c 84,10.220.30.157,00:50:56:AA:3C:C6,,,,,,2026-02-10T16:54:41.8141991+00:00,,,,"VMware, Inc",
9742f6d6-c07b-4828-89d5-3a382587ba35,,,,,PLANT-SCAN01,2026-02-10T17:12:12.102+00:00,Production,Microsoft,Windows Server 2019,1809,Server,VMware Virtual Platform,"VMware, Inc.",VMware-42 30 80 8c e5 cb 6e 85-fe 27 06 61 40 10 f9 fc,10.220.30.175,00:50:56:B0:1F:02,,,,,,2026-02-10T16:54:41.8141997+00:00,,,,"VMware, Inc",
ee69bb68-103c-4288-94e9-6de22834c2d3,,,,,PLANT-SCANDB,2026-02-10T16:59:59.16+00:00,Production,Microsoft,Windows Server 2019,1809,Server,VMware Virtual Platform,"VMware, Inc.",VMware-42 30 49 8a 60 3f fd 85-87 23 8a 2e bc cb c7 f6,10.220.30.176,00:50:56:B0:B1:92,,,,,,2026-02-10T16:58:21.6755504+00:00,,,,"VMware, Inc",
06b8dddc-c3e2-42fc-b4b3-231b2daa3deb,,,,,OTMHT-APDATAPAR,2026-02-10T16:27:47+00:00,Production,Microsoft,Windows Server 2022,21H2,Server,"VMware20,1","VMware, Inc.",VMware-42 2a 6f 3e 22 14 8a af-87 7f 02 6b f2 7a 2e 5f,10.220.30.209,00:50:56:AA:02:2A,,,,,,2026-02-10T16:54:41.8142009+00:00,,,,"VMware, Inc",
3382e7a0-2b91-47bb-98af-05bea4e7fdb5,,,,,PLANT-RWMGT,2026-02-10T16:11:56+00:00,Production,Microsoft,Windows 10,1809,Desktop,Precision Tower 5810,Dell Inc.,7YT5C42,10.220.30.249,"A0:36:9F:65:53:2E,98:90:96:BF:ED:99",,,,,,2026-02-10T16:58:21.675551+00:00,,,,"Intel Corporate,Dell Inc",
ccce0328-69dc-4ae6-aa0f-38dfe48bd1e1,,,,,OTMHT-RW,2026-02-10T16:37:45+00:00,Production,Microsoft,Windows 11,23H2,Desktop,HP Elite SFF 800 G9 Desktop PC,HP,MXL3092DLR,"10.220.30.250,169.254.83.43,192.168.184.1,192.168.248.1,fe80:0:0:0:f32f:1ec4:c956:898f,fe80:0:0:0:93ab:9dab:d742:acb3,fe80:0:0:0:f668:3fee:c913:9fc1","02:00:4C:4F:4F:50,38:CA:84:42:81:C4,00:50:56:C0:00:01,00:50:56:C0:00:08",,,,,,2026-02-10T16:54:41.8142028+00:00,,,,"HP Inc,VMware, Inc",
0aece4f3-20ba-4363-a5fc-9efac28b1b44,,,,,OTMHT-SIMEWS,2026-02-10T17:09:05.925+00:00,Production,Microsoft,Windows Server 2022 or higher,10.0.20348.143,,,"VMware, Inc.",VMware-42 2a 61 98 8c 0c 21 57-76 a8 58 35 29 c9 3c ab,10.220.31.101,00:50:56:AA:35:95,,,,,,2026-02-10T16:54:18.6596861+00:00,,,,"VMware, Inc",
632878a0-4ee4-488f-9ec8-028ac62711eb,,,,,OTMHT-SIMEWS,2026-02-10T16:29:56+00:00,Production,Microsoft,Windows Server 2022,21H2,Server,"VMware20,1","VMware, Inc.",VMware-42 2a 61 98 8c 0c 21 57-76 a8 58 35 29 c9 3c ab,10.220.31.101,00:50:56:AA:35:95,,,,,,2026-02-10T16:54:18.6596861+00:00,,,,"VMware, Inc",
1e4517dc-3372-4fd0-aa29-b6e60365ace9,,,,,OTMHT-SIMFTE,2026-02-10T16:22:14+00:00,Production,Microsoft,Windows Server 2022,21H2,Server,"VMware20,1","VMware, Inc.",VMware-42 2a 62 00 5a a5 42 bd-bb cc 70 09 60 c7 a5 91,"10.220.31.102,10.220.31.120,10.220.31.121,10.220.31.122,10.220.31.123,10.220.31.124,10.220.31.125,10.220.31.126,10.220.31.133,10.220.31.134,10.220.31.135,10.220.31.137",00:50:56:AA:E6:BA,,,,,,2026-02-10T16:54:18.6596922+00:00,,,,"VMware, Inc",
3aac67d3-877a-4970-bf22-ce446d29ac58,,,,,OTMHT-SIMFTE,2026-02-10T17:08:51.148+00:00,Production,Microsoft,Windows Server 2022 or higher,10.0.20348.143,,,"VMware, Inc.",VMware-42 2a 62 00 5a a5 42 bd-bb cc 70 09 60 c7 a5 91,"10.220.31.102,10.220.31.120,10.220.31.121,10.220.31.122,10.220.31.123,10.220.31.124,10.220.31.125,10.220.31.126,10.220.31.133,10.220.31.134,10.220.31.135,10.220.31.137",00:50:56:AA:E6:BA,,,,,,2026-02-10T16:54:18.6596922+00:00,,,,"VMware, Inc",
9b342660-24b5-468b-a2ec-ef9b9f2e787d,,,,,OTMHT-SIMFTS,2026-02-10T16:27:31+00:00,Production,Microsoft,Windows Server 2022,21H2,Server,"VMware20,1","VMware, Inc.",VMware-42 2a 77 e1 79 91 b2 49-95 ee b1 9a 2e a6 f4 22,10.220.31.103,00:50:56:AA:A1:CE,,,,,,2026-02-10T16:54:40.3212414+00:00,,,,"VMware, Inc",
e3b74b7f-2bed-4291-990d-2efe32252bc1,,,,,OTMHT-SIMFTS,2026-02-10T17:08:44.223+00:00,Production,Microsoft,Windows Server 2022 or higher,10.0.20348.143,,,"VMware, Inc.",VMware-42 2a 77 e1 79 91 b2 49-95 ee b1 9a 2e a6 f4 22,10.220.31.103,00:50:56:AA:A1:CE,,,,,,2026-02-10T16:54:40.3212414+00:00,,,,"VMware, Inc",
70eb1485-add9-4b3b-ba34-e760f7cd7366,,,,,OTMHT-SIMOWS,2026-01-31T19:29:18+00:00,Production,Microsoft,Windows Server 2022,21H2,Server,"VMware20,1","VMware, Inc.",VMware-42 2a 5f 48 53 d4 b0 3a-4d a4 b4 b0 c7 94 ca 0b,10.220.31.104,00:50:56:AA:33:A6,,,,,,2025-12-06T01:31:05.5507136+00:00,,,,"VMware, Inc",
3d6faa6a-ffc6-4ba6-8de0-6d8dc1df1cb4,,,,,OTMHT-SIMLIC,2026-01-31T19:30:36+00:00,Production,Microsoft,Windows Server 2022,21H2,Server,"VMware20,1","VMware, Inc.",VMware-42 2a 23 e2 8b b3 ad 49-2c f7 0d fe 0f 77 5b 4a,10.220.31.105,00:50:56:AA:F3:AA,,,,,,2026-01-31T18:29:36.7231187+00:00,,,,"VMware, Inc",
8a59a7c5-f4fa-424b-a113-e431d7d42827,,,,,OTMHT-SIMLNK,2026-02-10T17:08:54.811+00:00,Production,Microsoft,Windows Server 2022,21H2,Server,"VMware20,1","VMware, Inc.",VMware-42 2a cf 2f bd 75 dc 80-43 b8 d6 1e 71 a7 88 cf,10.220.31.106,00:50:56:AA:50:7D,,,,,,2025-12-06T01:31:05.5507145+00:00,,,,"VMware, Inc",
a99da296-0b27-4f2e-88d2-1459abd336c9,,,,,OTMHT-SIMTERM1,2026-02-10T16:11:43+00:00,Production,Microsoft,Windows 10,22H2,Desktop,HP Elite SFF 800 G9 Desktop PC,HP,MXL41445PV,10.220.31.110,2C:58:B9:11:3D:DD,,,,,,2026-02-10T16:54:40.321242+00:00,,,,HP Inc,
d35a49c8-bc2f-43f3-9616-93c95faaa5df,,,,,OTMHT-SIMTERM2,2026-02-10T16:15:55+00:00,Production,Microsoft,Windows 10,22H2,Desktop,HP Elite SFF 800 G9 Desktop PC,HP,MXL41445NW,10.220.31.111,2C:58:B9:11:4A:99,,,,,,2026-02-10T16:54:40.3212425+00:00,,,,HP Inc,
70e4ec58-1f19-4dbc-9040-17f87c42665b,,,,,OTMHT-TSRDH12P,2026-02-10T16:26:37+00:00,Production,Microsoft,Windows Server 2022,21H2,Server,"VMware20,1","VMware, Inc.",VMware-42 2a 02 0d 50 19 69 37-0a 6a 9f 4b b3 ec ff 9e,10.220.31.112,00:50:56:AA:5A:0B,,,,,,2025-12-06T01:31:05.5507151+00:00,,,,"VMware, Inc",
9a34196f-6c1d-4573-b64d-26866a536008,,,,,ZETMAH-APCAP01P,2026-02-10T15:51:11+00:00,Production,Microsoft,Windows Server 2016,1607,Server,VMware Virtual Platform,"VMware, Inc.",VMware-42 30 50 33 62 6c c7 33-6e 1a 6f fd 30 a4 bc fb,"10.220.32.90,fe80:0:0:0:95ce:d65b:3f48:5d3f",00:0C:29:A4:BC:FB,,,,,,,,,,"VMware, Inc",
7d90d0b4-6b5e-4351-a209-d3981584b84c,,,,,IETHOU-APLRC02P,2026-02-10T16:23:08+00:00,Production,Microsoft,Windows Server 2019,1809,Server,VMware Virtual Platform,"VMware, Inc.",VMware-42 30 25 eb 02 c5 d4 91-eb 39 b6 15 6c 16 57 d6,10.220.32.91,00:50:56:B0:8F:E5,,,,,,,,,,"VMware, Inc",
0bb2262b-c2fc-4385-a929-3ae9a67dc9e6,,,,,OTMHT-CoreSw,2026-01-28T23:00:04.229+00:00,Production,Cisco,IOS-XE,17.9.4a,Network,C9500-48Y4C,Cisco,FDO25500FAB,"10.220.254.5,10.220.29.253,10.220.30.253,10.220.31.253,10.220.98.100,172.20.30.1","B0:8B:D0:40:A4:40,B0:8B:D0:40:A4:41,B0:8B:D0:40:A4:42,B0:8B:D0:40:A4:43,B0:8B:D0:40:A4:44,B0:8B:D0:40:A4:45,B0:8B:D0:40:A4:46,B0:8B:D0:40:A4:47,B0:8B:D0:40:A4:48,B0:8B:D0:40:A4:49,B0:8B:D0:40:A4:4A,B0:8B:D0:40:A4:4B,B0:8B:D0:40:A4:4C,B0:8B:D0:40:A4:4D,B0:8B:D0:40:A4:4E,B0:8B:D0:40:A4:4F,B0:8B:D0:40:A4:50,B0:8B:D0:40:A4:51,B0:8B:D0:40:A4:52,B0:8B:D0:40:A4:53,B0:8B:D0:40:A4:54,B0:8B:D0:40:A4:55,B0:8B:D0:40:A4:56,B0:8B:D0:40:A4:57,B0:8B:D0:40:A4:58,B0:8B:D0:40:A4:59,B0:8B:D0:40:A4:5A,B0:8B:D0:40:A4:5B,B0:8B:D0:40:A4:5C,B0:8B:D0:40:A4:5D,B0:8B:D0:40:A4:5E,B0:8B:D0:40:A4:5F,B0:8B:D0:40:A4:60,B0:8B:D0:40:A4:61,B0:8B:D0:40:A4:62,B0:8B:D0:40:A4:63,B0:8B:D0:40:A4:64,B0:8B:D0:40:A4:65,B0:8B:D0:40:A4:66,B0:8B:D0:40:A4:67,B0:8B:D0:40:A4:68,B0:8B:D0:40:A4:69,B0:8B:D0:40:A4:6A,B0:8B:D0:40:A4:6B,B0:8B:D0:40:A4:6C,B0:8B:D0:40:A4:6D,B0:8B:D0:40:A4:6E,B0:8B:D0:40:A4:6F,B0:8B:D0:40:A4:70,B0:8B:D0:40:A4:71,B0:8B:D0:40:A4:72,B0:8B:D0:40:A4:73,B0:8B:D0:40:A4:74,B0:8B:D0:40:A4:DF",,,,,,2026-02-10T16:54:38.2395223+00:00,,,,"Cisco Systems, Inc",
0210266d-57d4-4ffb-988a-367d854d965a,,,,Port Test,,,,,,,,,,,,,,Active Peer Detection,,"TCP 135 (DCE Endpoint Resolution | Windows OS RPC services),TCP 445 (Windows OS Server Message Block),TCP 3389 (Windows Remote Desktop)","1,354,453,389",,,10.220.30.109,,,Possible BF agent
04de8b34-799c-4fb0-9099-70e7bbb12c7f,,,,Port Test,,,,,,,,,,,,,,Active Peer Detection,,"TCP 22 (Secure Shell),UDP 161 (Simple Network Management Protocol)",22,,,10.200.49.1,,,Responded to putty
085dc261-5359-43b7-93c0-077119152d35,,,,Port Test,,,,,,,,,,,,,,Active Peer Detection,,"TCP 22 (Secure Shell),TCP 80 (HTTP Web Server),TCP 443 (HTTPS Web Server),UDP 161 (Simple Network Management Protocol)","22,80,443",,,10.200.49.62,,,Exsi host
08a19cb1-6f27-43da-910d-cf2616f64e5a,,,,Passive ARP,,,,,,,,,,,,,,Passive Peer Detection,00:50:56:ED:0D:8E,,,,,192.168.223.254,"VMware, Inc",,
092b55ab-67b0-4912-969a-f1f56d4cffff,,,,,,,,,,,,,,,,,,Passive Peer Detection,F4:54:33:14:82:C2,,,,,10.200.150.26,Rockwell Automation,,
09c1c7e2-c0a5-40e4-8e14-45b3665dd9c9,,,,Port Test,,,,,,,,,,,,,,Active Peer Detection,,"TCP 135 (DCE Endpoint Resolution | Windows OS RPC services),TCP 445 (Windows OS Server Message Block),TCP 3389 (Windows Remote Desktop)","1,354,453,389",,,10.200.1.55,,,Possible BF agent
0b07dd90-c451-428c-b486-6b9e32ad3504,,,,Port Test,,,,,,,,,,,,,,Active Peer Detection,,"TCP 22 (Secure Shell),UDP 123 (Network Time Protocol),UDP 161 (Simple Network Management Protocol)",22,,,10.200.150.11,,,Possible NTP
0b23d222-9ace-47be-9a89-b1f4a965dba4,,,,Passive ARP,,,,,,,,,,,,,,"Passive Client Detection,Passive Peer Detection",00:50:56:AA:2F:9F,,,,,10.220.30.37,"VMware, Inc",,Possible BF agent (Web Server)
0d48d482-f852-44ba-ab8f-16f9f2a81123,,,,,,,,,,,,,,,,,,Passive Client Detection,00:0C:29:2C:E9:B9,,,,,10.220.30.138,"VMware, Inc",,Possible BF agent (Web Server)
0dfbed25-3cfa-427e-9517-29fdf69edbd5,,,,Port Test,,,,,,,,,,,,,,Active Peer Detection,,"TCP 22 (Secure Shell),TCP 80 (HTTP Web Server),TCP 443 (HTTPS Web Server),UDP 123 (Network Time Protocol)","22,80,443",,,10.200.150.204,,,Cisco device
0e06314f-6647-4de7-a205-d6f0e697962d,,,,Port Test,,,,,,,,,,,,,,Active Peer Detection,,"TCP 135 (DCE Endpoint Resolution | Windows OS RPC services),TCP 445 (Windows OS Server Message Block),TCP 3389 (Windows Remote Desktop)","1,354,453,389",,,10.220.30.139,,,Possible BF agent
0e902fe3-ac35-43be-b46a-85ac3f3b92e1,,,,,,,,,,,,,,,,,,Passive Peer Detection,50:F7:22:EC:F6:43,,,,,10.220.254.1,"Cisco Systems, Inc",,unknown
0eb818a6-4c97-45db-994a-1f9c03a897ce,,,,Port Test,,,,,,,,,,,,,,Active Peer Detection,,"TCP 22 (Secure Shell),UDP 123 (Network Time Protocol),UDP 161 (Simple Network Management Protocol)",22,,,10.200.150.159,,,Responded to putty
0ec72669-c78c-4376-8f38-198c3d1e74f1,,,,Port Test,,,,,,,,,,,,,,Active Peer Detection,,"UDP 123 (Network Time Protocol),UDP 161 (Simple Network Management Protocol)",,,,10.200.150.243,,,snmp possible
10370204-4983-4c5d-91f8-4ea179c8a972,,,,Port Test,,,,,,,,,,,,,,Active Peer Detection,,"TCP 22 (Secure Shell),UDP 123 (Network Time Protocol),UDP 161 (Simple Network Management Protocol)",22,,,10.200.150.165,,,Responded to putty
10c6e943-8f77-4b6e-840f-b3ed04f5f42c,,,,Port Test,,,,,,,,,,,,,,Active Peer Detection,,"TCP 22 (Secure Shell),TCP 443 (HTTPS Web Server),UDP 123 (Network Time Protocol),UDP 161 (Simple Network Management Protocol)","22,443",,,10.200.150.57,,,Cisco device
122cf998-03d7-43ed-9bcc-4e3d91f40d9b,,,,Port Test,,,,,,,,,,,,,,Active Peer Detection,,"TCP 80 (HTTP Web Server),TCP 443 (HTTPS Web Server),UDP 161 (Simple Network Management Protocol)","80,443",,,10.200.49.47,,,Panduit MSPO
12da9174-2117-42d3-a94c-5beddeba14cc,,,,Port Test,,,,,,,,,,,,,,Active Peer Detection,,"UDP 123 (Network Time Protocol),UDP 161 (Simple Network Management Protocol)",,,,10.200.150.242,,,snmp possible
13d50a0d-051c-4cee-8a05-c50a0cf77213,,,,,,,,,,,,,,,,,,Passive Peer Detection,00:1D:9C:D2:9E:CE,,,,,10.200.4.76,Rockwell Automation,,
13e28154-bebe-40e8-ac03-3a0ca024ecc5,,,,,,,,,,,,,,,,,,Passive Client Detection,00:50:56:B0:D9:83,,,,,10.220.31.20,"VMware, Inc",,
14f5d2e3-3a88-4fcb-8204-ca42872c4615,,,,Port Test,,,,,,,,,,,,,,Active Peer Detection,,"TCP 443 (HTTPS Web Server),UDP 161 (Simple Network Management Protocol)",443,,,10.200.49.6,,,Panduit MSPO
18299ed9-10b3-4119-ae06-f591463923e3,,,,Port Test,,,,,,,,,,,,,,Active Peer Detection,,"TCP 22 (Secure Shell),UDP 123 (Network Time Protocol),UDP 161 (Simple Network Management Protocol)",22,,,10.200.150.67,,,Responded to putty
18336a06-c8a3-4289-b446-67700d525248,,,,Port Test,,,,,,,,,,,,,,Active Peer Detection,,"TCP 111 (sunrpc | portmapper, rpcbind | SUN Remote Procedure Call),TCP 445 (Windows OS Server Message Block)","111,445",,,10.200.49.9,,,Possible NFS storage 
1a53339f-368f-4b90-9943-bdd2daf2ae57,,,,Port Test,,,,,,,,,,,,,,Active Peer Detection,,"TCP 22 (Secure Shell),TCP 443 (HTTPS Web Server),UDP 123 (Network Time Protocol),UDP 161 (Simple Network Management Protocol)","22,443",,,10.200.150.108,,,Allen Bradley switch
1bee6292-0f22-4244-91ff-60b910a9785c,,,,"Active ARP,Port Test",,,,,,,,,,,,,,Active Peer Detection,00:50:56:64:5B:D3,"TCP 80 (HTTP Web Server),TCP 443 (HTTPS Web Server)","80,443",,,10.220.30.22,"VMware, Inc",,Exsi host
1e65f0c4-5d24-4102-b9b8-679b392219b1,,,,Port Test,,,,,,,,,,,,,,Active Peer Detection,,"TCP 22 (Secure Shell),TCP 23 (telnet),UDP 123 (Network Time Protocol),UDP 161 (Simple Network Management Protocol)","22,23",,,10.200.150.23,,,Responded to putty
1f502cb1-8311-449d-80e7-2710d9262dc4,,,,Port Test,,,,,,,,,,,,,,Active Peer Detection,,"TCP 80 (HTTP Web Server),TCP 135 (DCE Endpoint Resolution | Windows OS RPC services),TCP 445 (Windows OS Server Message Block),TCP 3389 (Windows Remote Desktop)","801,354,453,389",,,10.220.30.37,,,Web Server
2089c0cc-3e8f-49f4-8ec1-dedd403f3877,,,,Passive ARP,,,,,,,,,,,,,,Passive Peer Detection,10:6F:3F:D6:3E:70,,,,,10.220.30.151,Buffalo.Inc,,Buffalo Terrastaion http
21ac9ae5-cae0-4123-b9c6-e705f3ab46d6,,,,Port Test,,,,,,,,,,,,,,Active Peer Detection,,"TCP 22 (Secure Shell),TCP 23 (telnet),UDP 123 (Network Time Protocol),UDP 161 (Simple Network Management Protocol)","22,23",,,10.200.150.52,,,Responded to putty
21cba292-9724-4436-afed-1ae4d45325c4,,,,Port Test,,,,,,,,,,,,,,Active Peer Detection,,"TCP 21 (File Transfer Protocol [Control]),TCP 80 (HTTP Web Server),TCP 135 (DCE Endpoint Resolution | Windows OS RPC services),TCP 445 (Windows OS Server Message Block)","21,80,135,445",,,10.220.30.138,,,Web Server
22a7ca99-e5cf-4eee-a4b1-4f8caa4b6bc3,,,,Port Test,,,,,,,,,,,,,,Active Peer Detection,,"TCP 22 (Secure Shell),TCP 80 (HTTP Web Server),TCP 443 (HTTPS Web Server),UDP 123 (Network Time Protocol)","22,80,443",,,10.200.49.14,,,Cisco IMC
235624af-4959-4f30-be0b-6b4c7ba3e51d,,,,Port Test,,,,,,,,,,,,,,Active Peer Detection,,"TCP 22 (Secure Shell),UDP 123 (Network Time Protocol),UDP 161 (Simple Network Management Protocol)",22,,,10.200.150.175,,,Responded to putty
25560bfe-1a90-45ef-9abe-c05126e51a3b,,,,Passive ARP,,,,,,,,,,,,,,Passive Peer Detection,00:50:56:F3:D2:62,,,,,192.168.32.254,"VMware, Inc",,
26b85c3a-29e1-492c-b79b-bba836b1d06c,,,,,,,,,,,,,,,,,,Passive Peer Detection,38:ED:18:0E:76:39,,,,,10.220.98.204,"Cisco Systems, Inc",,Responded to putty
26b8a03d-1216-46b7-be06-0bc7432f75b1,,,,Port Test,,,,,,,,,,,,,,Active Peer Detection,,"TCP 22 (Secure Shell),TCP 80 (HTTP Web Server),TCP 443 (HTTPS Web Server),UDP 161 (Simple Network Management Protocol)","22,80,443",,,10.220.30.231,,,IDRAC
28ed77a3-2f12-4880-a28a-f5858dda5a9a,,,,Port Test,,,,,,,,,,,,,,Active Peer Detection,,"TCP 22 (Secure Shell),TCP 80 (HTTP Web Server),TCP 443 (HTTPS Web Server),UDP 123 (Network Time Protocol)","22,80,443",,,10.200.49.13,,,Cisco IMC
2a8bfb5b-a5a7-4d16-978a-db2aba650d61,,,,Port Test,,,,,,,,,,,,,,Active Peer Detection,,"TCP 22 (Secure Shell),UDP 161 (Simple Network Management Protocol)",22,,,10.200.4.1,,,Responded to putty
2ca89065-e2c1-45a5-b6c5-5d7b6713c9a6,,,,Port Test,,,,,,,,,,,,,,Active Peer Detection,,"TCP 22 (Secure Shell),UDP 161 (Simple Network Management Protocol)",22,,,10.200.1.1,,,Responded to putty
2d14ea84-f33b-4423-9153-183a41f9b984,,,,Port Test,,,,,,,,,,,,,,Active Peer Detection,,"TCP 22 (Secure Shell),TCP 80 (HTTP Web Server),TCP 443 (HTTPS Web Server),UDP 161 (Simple Network Management Protocol)","22,80,443",,,10.200.49.65,,,Exsi Host
2e5333fe-2f3b-4130-90f6-4cbb7ca25104,,,,Port Test,,,,,,,,,,,,,,Active Peer Detection,,"TCP 80 (HTTP Web Server),TCP 44818 (EtherNet/IP)","8,044,818",,,10.200.4.106,,,Ethernet IP - RA 1756
2e62838d-fc78-4973-8365-a38fac1c5204,,,,Port Test,,,,,,,,,,,,,,Active Peer Detection,,"TCP 135 (DCE Endpoint Resolution | Windows OS RPC services),TCP 445 (Windows OS Server Message Block),TCP 3389 (Windows Remote Desktop)","1,354,453,389",,,10.200.1.16,,,Possible BF agent
2fb2f981-2568-477c-aaf9-e06c761a229a,,,,Port Test,,,,,,,,,,,,,,Active Peer Detection,,"TCP 22 (Secure Shell),UDP 123 (Network Time Protocol),UDP 161 (Simple Network Management Protocol)",22,,,10.200.150.104,,,Responded to putty
32c97ab1-2793-437d-bdcb-c90e8a5b3469,,,,Port Test,,,,,,,,,,,,,,Active Peer Detection,,"TCP 22 (Secure Shell),TCP 80 (HTTP Web Server),TCP 443 (HTTPS Web Server),UDP 123 (Network Time Protocol)","22,80,443",,,10.200.49.55,,,Cisco IMC
339cee71-db2c-4f1e-97d6-edb6ded5bd29,,,,Port Test,,,,,,,,,,,,,,Active Peer Detection,,"TCP 22 (Secure Shell),UDP 123 (Network Time Protocol),UDP 161 (Simple Network Management Protocol)",22,,,10.200.150.177,,,Responded to putty
345b8485-99e7-4cb3-89ce-1af26b619901,,,,"Active ARP,Port Test",,,,,,,,,,,,,,Active Peer Detection,00:50:56:6D:79:56,"TCP 22 (Secure Shell),TCP 80 (HTTP Web Server),TCP 443 (HTTPS Web Server)","22,80,443",,,10.220.30.18,"VMware, Inc",,Exsi Host
36d70b6e-c9af-4288-8948-e7324d6268e3,,,,Port Test,,,,,,,,,,,,,,Active Peer Detection,,"TCP 135 (DCE Endpoint Resolution | Windows OS RPC services),TCP 445 (Windows OS Server Message Block),TCP 502 (Modbus Application Protocol),TCP 3389 (Windows Remote Desktop)","1,354,455,023,389",,,10.200.1.61,,,Possible BF agent
3a8ac866-ae02-458e-8faf-e10841e845b4,,,,,,,,,,,,,,,,,,,,,,,,,,,
3ac99be4-0abf-4508-bb45-ea1a539adbc3,,,,Port Test,,,,,,,,,,,,,,Active Peer Detection,,"TCP 22 (Secure Shell),UDP 123 (Network Time Protocol),UDP 161 (Simple Network Management Protocol)",22,,,10.200.150.68,,,Responded to putty
3b1725ea-8b86-429a-9f0f-a39942d01e40,,,,,Rockwell Automation Part: RSLinx S/N: 09590F4A,2026-01-29T14:06:33.646+00:00,Production,Rockwell Automation,RSLinx Firmware,10.001,Communications Adapter,RSLinx,Rockwell Automation,09590F4A,,00:00:02:00:02:00,,,,,,,,,,Xerox Corporation,
3c954301-9a7a-45d3-b271-6fdcec12bd44,,,,Port Test,,,,,,,,,,,,,,Active Peer Detection,,"TCP 22 (Secure Shell),TCP 80 (HTTP Web Server),TCP 443 (HTTPS Web Server)","22,80,443",,,10.200.150.227,,,DarkTrace device
3d32de45-3a86-4272-ade1-c03565cb405b,,,,,,,,,,,,,,,,,,Passive Client Detection,00:50:56:B0:09:7C,,,,,10.220.30.139,"VMware, Inc",,
3ea77a88-cd9a-4506-8f08-fc9ff514bfd1,,,,"Active ARP,Port Test",,,,,,,,,,,,,,Active Peer Detection,00:50:56:60:CE:E5,"TCP 80 (HTTP Web Server),TCP 443 (HTTPS Web Server)","80,443",,,10.220.30.12,"VMware, Inc",,Exsi Host
3f750591-85c3-4a2e-a9b6-2350f150f040,,,,Port Test,,,,,,,,,,,,,,Active Peer Detection,,"TCP 80 (HTTP Web Server),TCP 443 (HTTPS Web Server),UDP 161 (Simple Network Management Protocol)","80,443",,,10.200.49.46,,,Panduit MSPO
412c74d3-d16a-4ce8-82d2-65864b050939,,,,Port Test,,,,,,,,,,,,,,Active Peer Detection,,"TCP 22 (Secure Shell),UDP 123 (Network Time Protocol),UDP 161 (Simple Network Management Protocol)",22,,,10.200.150.103,,,
4136a5a6-27a1-4d04-9da4-e4ebe5540756,,,,Port Test,,,,,,,,,,,,,,Active Peer Detection,,"TCP 111 (sunrpc | portmapper, rpcbind | SUN Remote Procedure Call),TCP 445 (Windows OS Server Message Block)","111,445",,,10.200.49.49,,,
4254b405-9fb9-492d-98c5-ec44387ea6bd,,,,,,,,,,,,,,,,,,Passive Peer Detection,58:49:3B:F3:FC:1A,,,,,10.220.98.200,Palo Alto Networks,,
4441b044-53b5-4f99-a4f6-a278d3011ea4,,,,Port Test,,,,,,,,,,,,,,Active Peer Detection,,"TCP 22 (Secure Shell),UDP 123 (Network Time Protocol),UDP 161 (Simple Network Management Protocol)",22,,,10.200.150.245,,,
44680803-9820-4519-b5b6-8f3715c30696,,,,"Active ARP,Passive ARP,Port Test",,,,,,,,,,,,,,"Active Peer Detection,Passive Peer Detection",58:BF:EA:B7:F8:D3,"TCP 22 (Secure Shell),TCP 80 (HTTP Web Server),TCP 443 (HTTPS Web Server)","22,80,443",,,10.220.30.254,"Cisco Systems, Inc",,
448f6512-be1d-4801-ad31-fb83e3a193ad,,,,Port Test,,,,,,,,,,,,,,Active Peer Detection,,"TCP 135 (DCE Endpoint Resolution | Windows OS RPC services),TCP 445 (Windows OS Server Message Block),TCP 3389 (Windows Remote Desktop)","1,354,453,389",,,10.200.1.79,,,
4516a192-46eb-4d2f-935f-afa1db67c1e3,,,,,,,,,,,,,,,,,,Passive Peer Detection,00:EB:D5:4D:CB:FD,,,,,10.200.150.11,"Cisco Systems, Inc",,
45d14776-1188-4004-948e-da297b7f5f96,,,,Port Test,,,,,,,,,,,,,,Active Peer Detection,,"TCP 135 (DCE Endpoint Resolution | Windows OS RPC services),TCP 445 (Windows OS Server Message Block),TCP 3389 (Windows Remote Desktop)","1,354,453,389",,,10.200.1.59,,,
47a6afbc-c599-4260-a158-de3b922bef19,,,,Port Test,,,,,,,,,,,,,,Active Peer Detection,,"TCP 80 (HTTP Web Server),TCP 443 (HTTPS Web Server)","80,443",,,10.200.49.60,,,
4ef262dd-0a88-4338-a180-3e5d999bf6ca,,,,Passive ARP,,,,,,,,,,,,,,Passive Peer Detection,00:50:56:F2:AC:94,,,,,192.168.223.254,"VMware, Inc",,
4f57adae-acad-4f69-9ba4-08f66d72da1d,,,,Port Test,,,,,,,,,,,,,,Active Peer Detection,,"TCP 22 (Secure Shell),TCP 443 (HTTPS Web Server),UDP 123 (Network Time Protocol),UDP 161 (Simple Network Management Protocol)","22,443",,,10.200.150.79,,,
5019a861-8323-4527-82a8-ba602f225d07,,,,"Active ARP,Port Test",,,,,,,,,,,,,,Active Peer Detection,00:50:56:68:99:DC,"TCP 22 (Secure Shell),TCP 80 (HTTP Web Server),TCP 443 (HTTPS Web Server)","22,80,443",,,10.220.30.19,"VMware, Inc",,
5047a505-f091-41c0-b775-0a2c93b47fa0,,,,,,,,,,,,,,,,,,Passive Client Detection,00:50:56:A1:12:26,,,,,169.254.106.227,"VMware, Inc",,
50a28871-f8a4-4c7e-8731-9bdc4dacc089,,,,,,,,,,,,,,,,,,,,,,,,,,,
54c2ee26-f51a-47ed-b7f0-cd37363ddf18,,,,"Active ARP,Port Test",,,,,,,,,,,,,,Active Peer Detection,00:50:56:6B:B0:8B,"TCP 80 (HTTP Web Server),TCP 443 (HTTPS Web Server)","80,443",,,10.220.30.13,"VMware, Inc",,
58dc8eee-870b-4e3a-a7ab-09ff3a0ca7c9,,,,Port Test,,,,,,,,,,,,,,Active Peer Detection,,"TCP 22 (Secure Shell),UDP 123 (Network Time Protocol),UDP 161 (Simple Network Management Protocol)",22,,,10.200.150.173,,,
59479922-3941-4a40-bae4-f08a2c4e6632,,,,Port Test,,,,,,,,,,,,,,Active Peer Detection,,"UDP 123 (Network Time Protocol),UDP 161 (Simple Network Management Protocol)",,,,10.200.150.240,,,
5b395cf0-2dcb-480a-8054-647defa4a3bf,,,,,,,,,,,,,,,,,,Passive Peer Detection,00:22:0D:FB:96:C2,,,,,10.220.98.206,"Cisco Systems, Inc",,
5f4cca80-8a3e-41ca-b109-77a22d1a531f,,,,,,,,,,,,,,,,,,"Passive Peer Detection,Passive Client Detection",50:F7:22:D0:B3:C5,,,,,10.220.31.251,"Cisco Systems, Inc",,
5ff0126e-0108-4da0-b381-83dfb9a93fec,,,,Port Test,,,,,,,,,,,,,,Active Peer Detection,,"TCP 22 (Secure Shell),UDP 123 (Network Time Protocol),UDP 161 (Simple Network Management Protocol)",22,,,10.200.150.218,,,
615466e3-3909-428e-85cf-c4ae0c868f44,,,,Port Test,,,,,,,,,,,,,,Active Peer Detection,,"TCP 80 (HTTP Web Server),TCP 502 (Modbus Application Protocol)","80,502",,,10.200.4.139,,,
61607098-efa6-46c3-8dcf-9c120d9eed02,,,,Port Test,,,,,,,,,,,,,,Active Peer Detection,,"TCP 22 (Secure Shell),UDP 123 (Network Time Protocol),UDP 161 (Simple Network Management Protocol)",22,,,10.200.49.5,,,
61d5fe4f-85ce-48ba-8fbd-8b64e344006a,,,,,,,,,,,,,,,,,,Passive Peer Detection,F4:54:33:DD:C7:42,,,,,10.200.150.30,Rockwell Automation,,
62e78b8d-b88f-4a66-a599-62446d2979f1,,,,Port Test,,,,,,,,,,,,,,Active Peer Detection,,"TCP 22 (Secure Shell),TCP 80 (HTTP Web Server),TCP 443 (HTTPS Web Server),UDP 123 (Network Time Protocol)","22,80,443",,,10.200.49.12,,,
63c53aa4-93df-4d50-8caf-7a67fb595220,,,,Port Test,,,,,,,,,,,,,,Active Peer Detection,,"TCP 502 (Modbus Application Protocol),TCP 44818 (EtherNet/IP)","50,244,818",,,10.200.5.121,,,
641118bc-b3ed-4df4-9091-69a0ee6b8598,,,,,,,,,,,,,,,,,,Passive Client Detection,00:50:56:AA:9F:D9,,,,,10.220.30.142,"VMware, Inc",,
6655b63d-bf18-429b-a7c6-3bfcf788e98c,,,,Port Test,,,,,,,,,,,,,,Active Peer Detection,,"TCP 22 (Secure Shell),TCP 80 (HTTP Web Server),TCP 443 (HTTPS Web Server)","22,80,443",,,10.220.30.200,,,
6b12618e-22b1-4b3b-b85f-0840b4532a0d,,,,,,,,,,,,,,,,,,Passive Peer Detection,00:08:E3:FF:FC:28,,,,,10.200.4.1,"Cisco Systems, Inc",,
6c71ef3c-adcb-4907-8cf1-3885ab8a1186,,,,Passive ARP,,,,,,,,,,,,,,Passive Peer Detection,C4:CB:E1:AC:AA:E4,,,,,10.220.30.233,Dell Inc,,
6c9bd005-ce91-439b-9fe7-06918430addd,,,,Passive ARP,,,,,,,,,,,,,,Passive Peer Detection,C4:CB:E1:AC:A4:30,,,,,10.220.30.231,Dell Inc,,
6cb11200-70d6-44ab-adfd-e7f8acf00005,,,,,,,,,,,,,,,,,,,,,,,,,,,
6cfa55a4-2664-4dc4-bc1a-6f62426c2366,,,,Port Test,,,,,,,,,,,,,,Active Peer Detection,,"TCP 22 (Secure Shell),TCP 80 (HTTP Web Server),TCP 443 (HTTPS Web Server)","22,80,443",,,10.220.30.31,,,
6ddfa992-7659-4239-a9a3-e40fce5e8c77,,,,Port Test,,,,,,,,,,,,,,Active Peer Detection,,"TCP 22 (Secure Shell),TCP 80 (HTTP Web Server),TCP 443 (HTTPS Web Server),TCP 445 (Windows OS Server Message Block)","22,80,443,445",,,10.220.30.151,,,
6ec4c9f7-b7dd-4918-83a8-d460fea654b9,,,,Port Test,,,,,,,,,,,,,,Active Peer Detection,,"TCP 80 (HTTP Web Server),UDP 123 (Network Time Protocol),UDP 161 (Simple Network Management Protocol)",80,,,10.200.150.237,,,
6ee53190-8197-4515-97cb-2a2962a5a496,,,,Port Test,,,,,,,,,,,,,,Active Peer Detection,,"TCP 22 (Secure Shell),UDP 123 (Network Time Protocol),UDP 161 (Simple Network Management Protocol)",22,,,10.200.150.174,,,
6efcdf7f-c1f6-4d7b-8c92-286ad0849403,,,,Port Test,,,,,,,,,,,,,,Active Peer Detection,,"TCP 22 (Secure Shell),TCP 80 (HTTP Web Server),TCP 443 (HTTPS Web Server),UDP 161 (Simple Network Management Protocol)","22,80,443",,,10.200.49.23,,,
71859226-073b-4898-90cc-d23128955daf,,,,"Active ARP,Port Test",,,,,,,,,,,,,,Active Peer Detection,00:50:56:65:32:67,"TCP 80 (HTTP Web Server),TCP 443 (HTTPS Web Server)","80,443",,,10.220.30.24,"VMware, Inc",,
7276f66d-4f42-474b-b93a-eec89b941496,,,,"Active ARP,Port Test",,,,,,,,,,,,,,Active Peer Detection,24:6E:96:5E:B8:3C,"TCP 80 (HTTP Web Server),TCP 443 (HTTPS Web Server)","80,443",,,10.220.30.21,Dell Inc,,
774fa62c-f3b3-4beb-bb55-dd41fb8074be,,,,Port Test,,,,,,,,,,,,,,Active Peer Detection,,"TCP 22 (Secure Shell),UDP 123 (Network Time Protocol),UDP 161 (Simple Network Management Protocol)",22,,,10.200.150.166,,,
7bada6d3-501a-450e-9fad-bc46f28d0727,,,,,,,,,,,,,,,,,,Passive Peer Detection,00:1D:9C:D7:70:F6,,,,,10.200.4.74,Rockwell Automation,,
7e856167-438a-453e-a04c-c109215536a2,,,,Port Test,,,,,,,,,,,,,,Active Peer Detection,,"TCP 22 (Secure Shell),UDP 123 (Network Time Protocol),UDP 161 (Simple Network Management Protocol)",22,,,10.200.150.109,,,
7e9c0de7-55bc-4da3-aa17-16e3f99960d4,,,,Port Test,,,,,,,,,,,,,,Active Peer Detection,,"TCP 22 (Secure Shell),TCP 80 (HTTP Web Server),TCP 443 (HTTPS Web Server),UDP 123 (Network Time Protocol)","22,80,443",,,10.200.49.11,,,
80b11872-ace9-4382-864b-86ae48b3f47e,,,,Port Test,,,,,,,,,,,,,,Active Peer Detection,,"TCP 22 (Secure Shell),UDP 123 (Network Time Protocol),UDP 161 (Simple Network Management Protocol)",22,,,10.200.150.5,,,
81bd7b2d-5eff-4431-b713-37065a70e9aa,,,,Passive ARP,,,,,,,,,,,,,,Passive Peer Detection,00:50:56:EF:B6:B5,,,,,192.168.223.254,"VMware, Inc",,
81c34e9b-687e-49de-9119-62e5b5aca0f5,,,,Port Test,,,,,,,,,,,,,,Active Peer Detection,,"TCP 135 (DCE Endpoint Resolution | Windows OS RPC services),TCP 445 (Windows OS Server Message Block),TCP 3389 (Windows Remote Desktop)","1,354,453,389",,,10.200.1.77,,,
83738e5e-3746-4b63-a883-95ed36ca0353,,,,"Active ARP,Port Test,Passive ARP",,,,,,,,,,,,,,"Active Peer Detection,Passive Peer Detection",00:50:CC:7B:50:D8,"TCP 80 (HTTP Web Server),TCP 443 (HTTPS Web Server)","80,443",,,10.220.30.50,Seagate Cloud Systems Inc,,
8374616e-a41e-45b5-98c8-ce8f78e87017,,,,Port Test,,,,,,,,,,,,,,Active Peer Detection,,"TCP 22 (Secure Shell),TCP 23 (telnet),UDP 123 (Network Time Protocol),UDP 161 (Simple Network Management Protocol)","22,23",,,10.200.150.53,,,
840f80ad-9576-4ea9-8483-deb2776fd6a0,,,,Port Test,,,,,,,,,,,,,,Active Peer Detection,,"TCP 22 (Secure Shell),TCP 80 (HTTP Web Server),TCP 443 (HTTPS Web Server),UDP 123 (Network Time Protocol)","22,80,443",,,10.200.49.51,,,
87067be6-a18f-426f-8688-aaa8dcf6cb90,,,,Port Test,,,,,,,,,,,,,,Active Peer Detection,,"TCP 443 (HTTPS Web Server),UDP 161 (Simple Network Management Protocol)",443,,,10.200.49.7,,,
87e0f19a-19b0-46f1-bb23-a2ad59413d41,,,,,,,,,,,,,,,,,,Passive Peer Detection,00:1B:17:00:01:1C,,,,,10.220.98.1,Palo Alto Networks,,
8a7b9368-44c3-4067-abff-b77d35ab5fa9,,,,,,,,,,,,,,,,,,Passive Client Detection,14:18:77:69:BD:22,,,,,10.200.2.125,Dell Inc,,
8a9997a0-9aa6-45dd-8e26-3e958f27efc3,,,,"Active ARP,Port Test",,,,,,,,,,,,,,"Passive Peer Detection,Active Peer Detection",30:3E:A7:07:7B:4C,"TCP 22 (Secure Shell),TCP 80 (HTTP Web Server),TCP 443 (HTTPS Web Server)","22,80,443",,OTMHT-ESX01.secureot.pri,10.220.30.201,Intel Corporate,,
8af9c12c-3921-49f5-875a-aed5a23a3089,,,,Passive ARP,,,,,,,,,,,,,,Passive Peer Detection,30:3E:A7:07:78:FC,,,,,10.220.30.203,Intel Corporate,,
8c624cbe-02c4-4975-86cb-ab73dea7d443,,,,Port Test,,,,,,,,,,,,,,Active Peer Detection,,"TCP 22 (Secure Shell),TCP 80 (HTTP Web Server),TCP 443 (HTTPS Web Server),UDP 123 (Network Time Protocol)","22,80,443",,,10.200.49.54,,,
8c706e4c-aaf7-4510-8287-1deef2fe982a,,,,,,,,,,,,,,,,,,Passive Peer Detection,58:49:3B:F3:FC:88,,,,,10.220.98.201,Palo Alto Networks,,
8d0e10dc-2352-499e-be47-aa3d39e81c46,,,,"Active ARP,Port Test",,,,,,,,,,,,,,"Passive Peer Detection,Active Peer Detection",24:6E:96:74:F3:6C,"TCP 80 (HTTP Web Server),TCP 443 (HTTPS Web Server)","80,443",,OTMHT-TSRDH01P.secureot.pri,10.220.30.11,Dell Inc,,
8d8328b8-3a46-4357-96e8-2ef02ec99408,,,,Passive ARP,,,,,,,,,,,,,,Passive Peer Detection,80:18:44:DF:AB:DC,,,,,10.220.30.140,Dell Inc,,
8f9ad19c-2996-4d43-b8a7-eb8b4e2c73aa,,,,,,,,,,,,,,,,,,Passive Peer Detection,38:ED:18:0E:FC:44,,,,,10.220.31.254,"Cisco Systems, Inc",,
9073aeb2-14d6-4176-8068-c126270bc8d2,,,,Port Test,,,,,,,,,,,,,,Active Peer Detection,,"UDP 123 (Network Time Protocol),UDP 161 (Simple Network Management Protocol)",,,,10.200.150.239,,,
909cb75d-3151-4c73-9eaf-9c05177f01e9,,,,Port Test,,,,,,,,,,,,,,Active Peer Detection,,"TCP 135 (DCE Endpoint Resolution | Windows OS RPC services),TCP 445 (Windows OS Server Message Block),TCP 3389 (Windows Remote Desktop)","1,354,453,389",,,10.200.1.58,,,
90f94d1d-ea8e-4615-b5b5-598eb2190f74,,,,Port Test,,,,,,,,,,,,,,Active Peer Detection,,"TCP 22 (Secure Shell),TCP 23 (telnet),UDP 123 (Network Time Protocol),UDP 161 (Simple Network Management Protocol)","22,23",,,10.200.150.21,,,
910fd1c9-af34-403e-aaef-c4baa468b98b,,,,Port Test,,,,,,,,,,,,,,Active Peer Detection,,"TCP 22 (Secure Shell),TCP 80 (HTTP Web Server),TCP 443 (HTTPS Web Server),UDP 161 (Simple Network Management Protocol)","22,80,443",,,10.200.49.66,,,
924b8f4d-6480-484f-99ce-b15d5d9a1054,,,,Passive ARP,,,,,,,,,,,,,,Passive Peer Detection,00:50:56:AA:D7:C1,,,,,10.220.30.109,"VMware, Inc",,
931e9069-ed9a-4640-b0ac-a8928e1fafe9,,,,Port Test,,,,,,,,,,,,,,Active Peer Detection,,"TCP 22 (Secure Shell),TCP 80 (HTTP Web Server),TCP 443 (HTTPS Web Server)","22,80,443",,,10.200.49.16,,,
941fca2c-a0f7-48eb-9408-f94d47567320,,,,"Active ARP,Port Test",,,,,,,,,,,,,,Active Peer Detection,00:09:8A:07:A7:AA,"TCP 21 (File Transfer Protocol [Control]),TCP 22 (Secure Shell),TCP 80 (HTTP Web Server),UDP 123 (Network Time Protocol),UDP 161 (Simple Network Management Protocol)","21,22,80",,,10.220.30.40,EqualLogic Inc,,
9523b349-7652-4257-afc7-f0081e106882,,,,"Active ARP,Port Test",,,,,,,,,,,,,,"Passive Peer Detection,Active Peer Detection",00:50:56:61:56:8B,"TCP 80 (HTTP Web Server),TCP 443 (HTTPS Web Server)","80,443",,,10.220.30.14,"VMware, Inc",,
96bfdbe5-8aad-4728-80f3-d42e50039d4f,,,,,,,,,,,,,,,,,,Passive Peer Detection,68:E5:9E:AA:C9:FD,,,,,10.200.150.213,"Cisco Systems, Inc",,
96ddaed8-b9a7-498e-85dc-b86b6c0fc421,,,,Port Test,,,,,,,,,,,,,,Active Peer Detection,,"TCP 135 (DCE Endpoint Resolution | Windows OS RPC services),TCP 445 (Windows OS Server Message Block),TCP 3389 (Windows Remote Desktop)","1,354,453,389",,,10.200.1.76,,,
98e2a019-673b-4b95-bcbc-5fff188ea73f,,,,,,,,,,,,,,,,,,Passive Peer Detection,00:1D:9C:D7:70:AD,,,,,10.200.5.74,Rockwell Automation,,
9b6c3879-c3ec-4c47-9b48-bc7d764d6753,,,,Port Test,,,,,,,,,,,,,,Active Peer Detection,,"TCP 22 (Secure Shell),TCP 80 (HTTP Web Server),TCP 443 (HTTPS Web Server),UDP 123 (Network Time Protocol)","22,80,443",,,10.200.49.15,,,
9b6dcfc5-88e6-40fa-8473-1febb2d41eaa,,,,Passive ARP,,,,,,,,,,,,,,Passive Peer Detection,00:50:56:AA:59:40,,,,,10.220.30.244,"VMware, Inc",,
9cb12e9d-e117-49a1-bef1-cdac1155047d,,,,,,,,,,,,,,,,,,Passive Peer Detection,00:56:2B:A8:5B:FD,,,,,10.200.150.12,"Cisco Systems, Inc",,
9d42954b-9d8b-4a7f-b701-8f62068eaacd,,,,Port Test,,,,,,,,,,,,,,Active Peer Detection,,"TCP 22 (Secure Shell),TCP 443 (HTTPS Web Server),UDP 123 (Network Time Protocol),UDP 161 (Simple Network Management Protocol)","22,443",,,10.200.150.58,,,
9e72448a-c253-4f69-8e8b-324ea1c0c428,,,,"Active ARP,Port Test",,,,,,,,,,,,,,Active Peer Detection,24:6E:96:66:02:E8,"TCP 22 (Secure Shell),TCP 80 (HTTP Web Server),TCP 443 (HTTPS Web Server)","22,80,443",,,10.220.30.26,Dell Inc,,
a16629fa-0281-44f6-8c20-5257dbdca96c,,,,,,,,,,,,,,,,,,Passive Peer Detection,00:1D:9C:D6:1B:8F,,,,,10.200.4.80,Rockwell Automation,,
a1df081b-303f-45ed-9293-0f3d53d8954a,,,,,,,,,,,,,,,,,,Passive Peer Detection,00:22:56:B1:1B:C2,,,,,10.220.98.205,"Cisco Systems, Inc",,
a21b6c0a-8db8-406b-9bc1-63ac4e880fe3,,,,,,,,,,,,,,,,,,Passive Client Detection,F0:D4:E2:FD:F5:0E,,,,,10.200.2.67,Dell Inc,,
a53132a8-94ef-4149-8e96-0262ad6bc115,,,,"Passive ARP,Port Test",,,,,,,,,,,,,,"Passive Peer Detection,Active Peer Detection,Passive Client Detection",00:50:56:AA:04:08,"TCP 80 (HTTP Web Server),TCP 135 (DCE Endpoint Resolution | Windows OS RPC services),TCP 443 (HTTPS Web Server),TCP 445 (Windows OS Server Message Block),TCP 3389 (Windows Remote Desktop)","801,354,434,453,389",,,10.220.30.245,"VMware, Inc",,
a57d8a5f-f591-4d9b-95d0-c891d5d54bbe,,,,Port Test,,,,,,,,,,,,,,Active Peer Detection,,"TCP 22 (Secure Shell),TCP 23 (telnet),UDP 123 (Network Time Protocol),UDP 161 (Simple Network Management Protocol)","22,23",,,10.200.150.26,,,
a741c002-a0de-4e53-850d-e1ba98ff477a,,,,Active ARP,,,,,,,,,,,,,,Active Peer Detection,00:50:56:66:26:9D,,,,,10.220.30.126,"VMware, Inc",,
a74d9391-11a6-4bf7-9397-95de388af84d,,,,Port Test,,,,,,,,,,,,,,Active Peer Detection,,"TCP 22 (Secure Shell),TCP 80 (HTTP Web Server),TCP 443 (HTTPS Web Server)","22,80,443",,,10.200.150.228,,,
a775918c-1117-49b8-a789-e20f3263e891,,,,,,,,,,,,,,,,,,Passive Client Detection,00:50:56:B0:C5:B1,,,,,10.220.30.135,"VMware, Inc",,
a858bbdd-110d-4097-88b5-5762ff84dacf,,,,Port Test,,,,,,,,,,,,,,Active Peer Detection,,"TCP 135 (DCE Endpoint Resolution | Windows OS RPC services),TCP 445 (Windows OS Server Message Block),TCP 3389 (Windows Remote Desktop)","1,354,453,389",,,10.220.30.251,,,
a9a56810-788a-49f2-96f0-8a19bacad529,,,,"Active ARP,Port Test",,,,,,,,,,,,,,"Passive Peer Detection,Active Peer Detection",30:3E:A7:07:69:F0,"TCP 80 (HTTP Web Server),TCP 443 (HTTPS Web Server)","80,443",,OTMHT-ESX02.secureot.pri,10.220.30.202,Intel Corporate,,
aa049c04-8c99-4593-891e-489cf7d73d96,,,,Port Test,,,,,,,,,,,,,,Active Peer Detection,,"UDP 123 (Network Time Protocol),UDP 161 (Simple Network Management Protocol)",,,,10.200.150.160,,,
ab274c9e-39cb-44c8-85d8-46a8f8b2f4bd,,,,Port Test,,,,,,,,,,,,,,Active Peer Detection,,"TCP 22 (Secure Shell),UDP 123 (Network Time Protocol),UDP 161 (Simple Network Management Protocol)",22,,,10.200.150.2,,,
ac1e47e0-896e-47dd-b526-5e6fa68da389,,,,Passive ARP,,,,,,,,,,,,,,Passive Peer Detection,00:50:56:AA:4E:28,,,,,10.220.30.141,"VMware, Inc",,
acd1eb24-31f8-4df0-8c59-59a7acc24679,,,,Port Test,,,,,,,,,,,,,,Active Peer Detection,,"TCP 22 (Secure Shell),UDP 161 (Simple Network Management Protocol)",22,,,10.200.5.1,,,
acfec68a-bc82-4e37-bc3f-c6bd0867ef20,,,,Passive ARP,,,,,,,,,,,,,,Passive Peer Detection,00:50:56:EC:A5:E5,,,,,192.168.32.254,"VMware, Inc",,
af5c47a8-45e2-4991-a7ef-2d111a87198b,,,,Port Test,,,,,,,,,,,,,,Active Peer Detection,,"TCP 22 (Secure Shell),TCP 80 (HTTP Web Server),TCP 443 (HTTPS Web Server),UDP 123 (Network Time Protocol)","22,80,443",,,10.200.49.52,,,
afcf4196-bf30-42f9-ab3a-759d8a77f2b1,,,,,,,,,,,,,,,,,,Passive Peer Detection,58:BF:EA:B7:F8:CD,,,,,10.220.98.202,"Cisco Systems, Inc",,
b120bcc6-8750-4ea6-8fe6-d714c94432ed,,,,Port Test,,,,,,,,,,,,,,Active Peer Detection,,"TCP 135 (DCE Endpoint Resolution | Windows OS RPC services),TCP 445 (Windows OS Server Message Block),TCP 502 (Modbus Application Protocol),TCP 3389 (Windows Remote Desktop)","1,354,455,023,389",,,10.200.1.62,,,
b1775478-fe36-44a8-9c13-9acf1138a0bc,,,,Port Test,,,,,,,,,,,,,,Active Peer Detection,,"TCP 22 (Secure Shell),TCP 80 (HTTP Web Server),TCP 443 (HTTPS Web Server),UDP 123 (Network Time Protocol)","22,80,443",,,10.200.150.206,,,
b59fe365-268b-416c-8dce-429a63ad7809,,,,Port Test,,,,,,,,,,,,,,Active Peer Detection,,"TCP 22 (Secure Shell),TCP 80 (HTTP Web Server),TCP 443 (HTTPS Web Server),UDP 161 (Simple Network Management Protocol)","22,80,443",,,10.200.49.22,,,
b60faf63-06ba-41af-910c-24ffa46c45f1,,,,,,,,,,,,,,,,,,,,,,,,,,,
b85e26f1-3ca1-4919-a76e-911c3afafe26,,,,Port Test,,,,,,,,,,,,,,Active Peer Detection,,"TCP 22 (Secure Shell),UDP 161 (Simple Network Management Protocol)",22,,,10.200.150.1,,,
b8cfa7c8-eb83-4c2a-906e-9986961713d3,,,,Passive ARP,,,,,,,,,,,,,,Passive Peer Detection,C4:CB:E1:AC:A9:AC,,,,,10.220.30.232,Dell Inc,,
bb5f090e-f3c3-4bdb-b214-a06dfa51a8db,,,,Passive ARP,,,,,,,,,,,,,,Passive Peer Detection,00:0C:29:EB:0C:9D,,,,,10.220.30.31,"VMware, Inc",,
bb9cb888-5681-46aa-ad21-080d1a087d10,,,,Port Test,,,,,,,,,,,,,,Active Peer Detection,,"TCP 22 (Secure Shell),TCP 80 (HTTP Web Server),TCP 443 (HTTPS Web Server)","22,80,443",,,10.220.30.240,,,
bbf59096-2114-4fac-9926-1a1ad85b97d3,,,,Port Test,,,,,,,,,,,,,,Active Peer Detection,,"TCP 135 (DCE Endpoint Resolution | Windows OS RPC services),TCP 445 (Windows OS Server Message Block),TCP 3389 (Windows Remote Desktop)","1,354,453,389",,,10.200.1.60,,,
bc969a6f-5292-4f7d-9ad5-c4e8bc5a7814,,,,Passive ARP,,,,,,,,,,,,,,Passive Peer Detection,E0:73:E7:B3:72:2E,,,,,10.220.30.251,HP Inc,,
be5fbc8e-63f1-4d76-aef4-e4e048d83ed7,,,,Port Test,,,,,,,,,,,,,,Active Peer Detection,,"TCP 135 (DCE Endpoint Resolution | Windows OS RPC services),TCP 445 (Windows OS Server Message Block),TCP 3389 (Windows Remote Desktop)","1,354,453,389",,,10.200.1.197,,,
be66b89e-8489-4672-a3e0-9c0a99ca3667,,,,Port Test,,,,,,,,,,,,,,Active Peer Detection,,"TCP 22 (Secure Shell),TCP 443 (HTTPS Web Server),UDP 123 (Network Time Protocol)","22,443",,,10.200.150.223,,,
bed00cd3-9455-4f62-9701-a372747e690f,,,,Passive ARP,,,,,,,,,,,,,,Passive Peer Detection,00:0C:29:1C:2A:26,,,,,10.220.30.200,"VMware, Inc",,
c12b4de3-c13a-4ce1-97a7-aafa750a496f,,,,Port Test,,,,,,,,,,,,,,Active Peer Detection,,"TCP 22 (Secure Shell),TCP 80 (HTTP Web Server),TCP 443 (HTTPS Web Server),UDP 123 (Network Time Protocol)","22,80,443",,,10.200.49.53,,,
c2b2e37e-9c4e-430a-8f2e-0e0a160ed71a,,,,Port Test,,,,,,,,,,,,,,Active Peer Detection,,"TCP 135 (DCE Endpoint Resolution | Windows OS RPC services),TCP 445 (Windows OS Server Message Block),TCP 3389 (Windows Remote Desktop)","1,354,453,389",,,10.200.1.54,,,
c3406055-82d1-4ebd-b2f2-222c3e367c39,,,,Port Test,,,,,,,,,,,,,,Active Peer Detection,,"TCP 22 (Secure Shell),UDP 123 (Network Time Protocol),UDP 161 (Simple Network Management Protocol)",22,,,10.200.150.180,,,
c3553e43-6402-4f19-aaec-f78cf60434a0,,,,Port Test,,,,,,,,,,,,,,Active Peer Detection,,"TCP 22 (Secure Shell),UDP 123 (Network Time Protocol),UDP 161 (Simple Network Management Protocol)",22,,,10.200.150.102,,,
c3580833-2a7b-4399-b160-b1d27b6448be,,,,Port Test,,,,,,,,,,,,,,Active Peer Detection,,"TCP 22 (Secure Shell),TCP 443 (HTTPS Web Server),UDP 123 (Network Time Protocol),UDP 161 (Simple Network Management Protocol)","22,443",,,10.200.4.145,,,
c4a71247-8b30-4c06-ab93-f70439cb70d1,,,,,,,,,,,,,,,,,,Passive Peer Detection,00:1D:9C:D1:E3:DE,,,,,10.200.4.78,Rockwell Automation,,
c562b2b8-281e-468a-8e45-7fed5c12b11e,,,,"Active ARP,Port Test",,,,,,,,,,,,,,Active Peer Detection,00:50:56:63:A7:0A,"TCP 22 (Secure Shell),TCP 80 (HTTP Web Server),TCP 443 (HTTPS Web Server)","22,80,443",,,10.220.30.128,"VMware, Inc",,
c666bf2b-c996-48fa-956a-1b68b416cf9c,,,,Port Test,,,,,,,,,,,,,,Active Peer Detection,,"TCP 22 (Secure Shell),TCP 80 (HTTP Web Server),TCP 443 (HTTPS Web Server),UDP 161 (Simple Network Management Protocol)","22,80,443",,,10.200.49.64,,,
c67ed8f9-3840-4e9b-9d18-8c89e823e061,,,,Port Test,,,,,,,,,,,,,,Active Peer Detection,,"TCP 22 (Secure Shell),UDP 123 (Network Time Protocol),UDP 161 (Simple Network Management Protocol)",22,,,10.200.150.12,,,
c72a191b-436d-4b6c-8299-14b8ad70648b,,,,Passive ARP,,,,,,,,,,,,,,Passive Peer Detection,00:50:56:ED:B5:75,,,,,192.168.32.254,"VMware, Inc",,
c73c3d53-2d27-465c-ab5a-d309ea9d1c58,,,,Port Test,,,,,,,,,,,,,,Active Peer Detection,,"TCP 22 (Secure Shell),TCP 443 (HTTPS Web Server),UDP 123 (Network Time Protocol),UDP 161 (Simple Network Management Protocol)","22,443",,,10.200.150.56,,,
c77f5220-3c60-4756-9df4-ce5d387d0390,,,,Port Test,,,,,,,,,,,,,,Active Peer Detection,,"TCP 22 (Secure Shell),UDP 123 (Network Time Protocol),UDP 161 (Simple Network Management Protocol)",22,,,10.200.150.170,,,
c96617f3-a1e0-4180-a720-a6d40f0cbdfe,,,,"Active ARP,Port Test",,,,,,,,,,,,,,Active Peer Detection,00:50:CC:7B:D5:78,"TCP 80 (HTTP Web Server),TCP 443 (HTTPS Web Server)","80,443",,,10.220.30.52,Seagate Cloud Systems Inc,,
c9ec7785-49fa-42ea-a0a8-0fb1f15a6467,,,,Port Test,,,,,,,,,,,,,,Active Peer Detection,,"TCP 22 (Secure Shell),UDP 123 (Network Time Protocol),UDP 161 (Simple Network Management Protocol)",22,,,10.200.150.244,,,
ca8b6a76-5844-4b5f-9e4c-7172ff6bcd53,,,,Port Test,,,,,,,,,,,,,,Active Peer Detection,,"TCP 22 (Secure Shell),TCP 80 (HTTP Web Server),TCP 443 (HTTPS Web Server)","22,80,443",,,10.200.49.48,,,
cadd13a5-5191-499c-9fc3-81ba7f1cd5eb,,,,,,,,,,,,,,,,,,Passive Peer Detection,00:EB:D5:6A:1C:FD,,,,,10.200.150.5,"Cisco Systems, Inc",,
cb5deda8-1768-4818-8324-eed3d678d378,,,,Port Test,,,,,,,,,,,,,,Active Peer Detection,,"TCP 22 (Secure Shell),TCP 80 (HTTP Web Server),TCP 443 (HTTPS Web Server),UDP 161 (Simple Network Management Protocol)","22,80,443",,,10.200.49.25,,,
cc78431b-5aad-4675-9811-67f6caa0f700,,,,Port Test,,,,,,,,,,,,,,Active Peer Detection,,"TCP 22 (Secure Shell),UDP 123 (Network Time Protocol),UDP 161 (Simple Network Management Protocol)",22,,,10.200.150.69,,,
d5c8ba60-16ab-4daa-8afe-40aab952aacb,,,,,,,,,,,,,,,,,,Passive Peer Detection,34:C0:F9:4F:5F:41,,,,,10.200.150.176,Rockwell Automation,,
d63a1532-824d-4d66-922e-0891cca2c01a,,,,Port Test,,,,,,,,,,,,,,Active Peer Detection,,"TCP 22 (Secure Shell),TCP 80 (HTTP Web Server),TCP 443 (HTTPS Web Server)","22,80,443",,,10.220.30.244,,,
d799a975-6bdf-40cb-93d3-c27a6c7ebc97,,,,Port Test,,,,,,,,,,,,,,Active Peer Detection,,"TCP 22 (Secure Shell),UDP 123 (Network Time Protocol),UDP 161 (Simple Network Management Protocol)",22,,,10.200.150.172,,,
d84e66d0-f093-4952-bfe7-35a5c770b41b,,,,Port Test,,,,,,,,,,,,,,Active Peer Detection,,"TCP 22 (Secure Shell),TCP 80 (HTTP Web Server),TCP 443 (HTTPS Web Server),UDP 123 (Network Time Protocol)","22,80,443",,,10.200.49.56,,,
d9808e69-8519-42a1-a061-91849c8d3bee,,,,Port Test,,,,,,,,,,,,,,Active Peer Detection,,"TCP 80 (HTTP Web Server),TCP 443 (HTTPS Web Server),UDP 161 (Simple Network Management Protocol)","80,443",,,10.200.49.26,,,
d9c36ad9-d02a-4891-af71-b95427badefe,,,,Port Test,,,,,,,,,,,,,,Active Peer Detection,,"UDP 123 (Network Time Protocol),UDP 161 (Simple Network Management Protocol)",,,,10.200.150.238,,,
dd6bcdc6-6912-4452-bbb8-6ac60b495b50,,,,Port Test,,,,,,,,,,,,,,Active Peer Detection,,"TCP 135 (DCE Endpoint Resolution | Windows OS RPC services),TCP 445 (Windows OS Server Message Block),TCP 3389 (Windows Remote Desktop)","1,354,453,389",,,10.200.1.53,,,
de979400-32b9-423d-b456-b6b3efedea0d,,,,Port Test,,,,,,,,,,,,,,Active Peer Detection,,"TCP 22 (Secure Shell),UDP 123 (Network Time Protocol),UDP 161 (Simple Network Management Protocol)",22,,,10.200.150.186,,,
dff6c9dd-d0e8-40b3-896c-165286f84cb3,,,,,,,,,,,,,,,,,,Passive Peer Detection,00:EB:D5:6A:49:FD,,,,,10.200.150.2,"Cisco Systems, Inc",,
e015787a-4b58-430f-8493-5a525855573c,,,,Port Test,,,,,,,,,,,,,,Active Peer Detection,,"TCP 502 (Modbus Application Protocol),TCP 44818 (EtherNet/IP)","50,244,818",,,10.200.5.32,,,
e0a63b04-c118-414e-9e5d-fc4e49587f2a,,,,Port Test,,,,,,,,,,,,,,Active Peer Detection,,"TCP 22 (Secure Shell),TCP 80 (HTTP Web Server),TCP 443 (HTTPS Web Server),UDP 161 (Simple Network Management Protocol)","22,80,443",,,10.220.30.233,,,
e0a8f2bd-b6a1-4334-9300-46c7e538d604,,,,Port Test,,,,,,,,,,,,,,Active Peer Detection,,"TCP 135 (DCE Endpoint Resolution | Windows OS RPC services),TCP 445 (Windows OS Server Message Block),TCP 3389 (Windows Remote Desktop)","1,354,453,389",,,10.200.1.78,,,
e0f6179c-21f3-4af9-96f3-cfb417aee3c8,,,,Passive ARP,,,,,,,,,,,,,,Passive Peer Detection,20:3A:43:08:50:38,,,,,10.220.30.240,Intel Corporate,,
e31bb65d-077b-4ae8-a787-202610714087,,,,Port Test,,,,,,,,,,,,,,Active Peer Detection,,"TCP 22 (Secure Shell),UDP 123 (Network Time Protocol),UDP 161 (Simple Network Management Protocol)",22,,,10.200.150.169,,,
e3542477-a28b-4f80-ae6d-39bb3b621c69,,,,Port Test,,,,,,,,,,,,,,Active Peer Detection,,"UDP 123 (Network Time Protocol),UDP 161 (Simple Network Management Protocol)",,,,10.200.150.241,,,
e4190872-26ad-4f24-9a9d-fd70071b3c31,,,,"Active ARP,Port Test",,,,,,,,,,,,,,"Passive Peer Detection,Active Peer Detection",24:6E:96:5E:B7:60,"TCP 22 (Secure Shell),TCP 80 (HTTP Web Server),TCP 443 (HTTPS Web Server)","22,80,443",,,10.220.30.16,Dell Inc,,
e44f5b12-b37d-4094-82ed-52f0f30c7302,,,,"Active ARP,Port Test",,,,,,,,,,,,,,Active Peer Detection,00:50:56:6D:41:1A,"TCP 22 (Secure Shell),TCP 80 (HTTP Web Server),TCP 443 (HTTPS Web Server)","22,80,443",,,10.220.30.17,"VMware, Inc",,
e51d4569-7080-4f7d-b186-ba39fee50342,,,,"Active ARP,Port Test",,,,,,,,,,,,,,Active Peer Detection,00:09:8A:07:A7:AB,"TCP 21 (File Transfer Protocol [Control]),TCP 22 (Secure Shell),TCP 80 (HTTP Web Server),UDP 123 (Network Time Protocol),UDP 161 (Simple Network Management Protocol)","21,22,80",,,10.220.30.41,EqualLogic Inc,,
e5c69d71-e38d-403a-b53f-4f4c5a38d6a3,,,,Port Test,,,,,,,,,,,,,,Active Peer Detection,,"TCP 22 (Secure Shell),UDP 123 (Network Time Protocol),UDP 161 (Simple Network Management Protocol)",22,,,10.200.150.213,,,
e6de4726-03a7-4690-a0ed-f082ec00dfa1,,,,,,,,,,,,,,,,,,"Passive Peer Detection,Passive Client Detection",00:1B:17:00:01:19,,,,,10.220.31.1,Palo Alto Networks,,
e82622e6-b634-4351-9316-1b236484a5be,,,,Port Test,,,,,,,,,,,,,,Active Peer Detection,,"TCP 22 (Secure Shell),TCP 443 (HTTPS Web Server),UDP 123 (Network Time Protocol),UDP 161 (Simple Network Management Protocol)","22,443",,,10.200.150.59,,,
e863f5b9-9658-496e-85a1-43bb19b170c2,,,,Port Test,,,,,,,,,,,,,,Active Peer Detection,,"TCP 22 (Secure Shell),UDP 123 (Network Time Protocol),UDP 161 (Simple Network Management Protocol)",22,,,10.200.150.179,,,
e9e9885b-2571-4c0f-90c7-6bdbe58abfed,,,,Port Test,,,,,,,,,,,,,,Active Peer Detection,,"TCP 22 (Secure Shell),TCP 80 (HTTP Web Server),TCP 443 (HTTPS Web Server),UDP 123 (Network Time Protocol),UDP 161 (Simple Network Management Protocol)","22,80,443",,,10.200.150.203,,,
ebd790e1-133a-47ec-9a17-1734e4f7757d,,,,,,,,,,,,,,,,,,,,,,,,,,,
efd6999f-ab6f-4049-99ee-b709ecbb9a01,,,,Port Test,,,,,,,,,,,,,,Active Peer Detection,,"TCP 22 (Secure Shell),TCP 80 (HTTP Web Server),TCP 443 (HTTPS Web Server)","22,80,443",,,10.200.49.8,,,
f13782e4-71a9-40a6-9e0e-e2ab2d39bf11,,,,Port Test,,,,,,,,,,,,,,Active Peer Detection,,"TCP 22 (Secure Shell),TCP 80 (HTTP Web Server),TCP 443 (HTTPS Web Server)","22,80,443",,,10.200.49.20,,,
f2527dfc-4baf-4e1b-8ab6-06edcd4be46f,,,,Port Test,,,,,,,,,,,,,,Active Peer Detection,,"TCP 80 (HTTP Web Server),TCP 135 (DCE Endpoint Resolution | Windows OS RPC services),TCP 445 (Windows OS Server Message Block),TCP 3389 (Windows Remote Desktop)","801,354,453,389",,,10.220.30.141,,,
f2ef2d3f-e321-4a9c-8b6c-bec8ee65e425,,,,Passive ARP,,,,,,,,,,,,,,"Passive Peer Detection,Passive Client Detection",00:1B:17:00:01:13,,,,,10.220.30.1,Palo Alto Networks,,
f396c169-de38-4169-a243-dd588d73573b,,,,,,,,,,,,,,,,,,Passive Peer Detection,8C:94:61:5D:36:7F,,,,,10.220.254.3,"Cisco Systems, Inc",,
f4add2b8-de57-499d-9a4c-23d53537de42,,,,Port Test,,,,,,,,,,,,,,Active Peer Detection,,"TCP 135 (DCE Endpoint Resolution | Windows OS RPC services),TCP 445 (Windows OS Server Message Block),TCP 3389 (Windows Remote Desktop),TCP 44818 (EtherNet/IP)","135,445,338,944,818",,,10.200.1.57,,,
f52fa716-a34d-4c61-8a30-3044931dfe25,,,,Port Test,,,,,,,,,,,,,,Active Peer Detection,,"UDP 123 (Network Time Protocol),UDP 161 (Simple Network Management Protocol)",,,,10.200.150.236,,,
f58faff5-35bf-4514-857a-7fa56898c578,,,,"Active ARP,Port Test",,,,,,,,,,,,,,Active Peer Detection,00:50:56:6B:D8:71,"TCP 22 (Secure Shell),TCP 80 (HTTP Web Server),TCP 443 (HTTPS Web Server)","22,80,443",,,10.220.30.127,"VMware, Inc",,
f80a0962-69f7-4f32-aece-59efd0eb34a5,,,,,,,,,,,,,,,,,,Passive Peer Detection,38:ED:18:0E:FC:39,,,,,10.220.98.203,"Cisco Systems, Inc",,
fa03cc5a-ee55-4d8d-82e0-14a582914c8f,,,,Port Test,,,,,,,,,,,,,,Active Peer Detection,,"TCP 22 (Secure Shell),UDP 123 (Network Time Protocol),UDP 161 (Simple Network Management Protocol)",22,,,10.200.150.185,,,
fae37b29-5c7a-4810-87b3-497652e83219,,,,"Active ARP,Port Test",,,,,,,,,,,,,,Active Peer Detection,00:50:56:6B:A2:96,"TCP 80 (HTTP Web Server),TCP 443 (HTTPS Web Server)","80,443",,,10.220.30.23,"VMware, Inc",,
fb0d721d-3db6-43d3-80fe-4fe02e6aa015,,,,Port Test,,,,,,,,,,,,,,Active Peer Detection,,"TCP 22 (Secure Shell),UDP 123 (Network Time Protocol),UDP 161 (Simple Network Management Protocol)",22,,,10.200.150.178,,,
fb10e62a-6212-498e-b8e5-594882cbbcbc,,,,Port Test,,,,,,,,,,,,,,Active Peer Detection,,"TCP 22 (Secure Shell),TCP 80 (HTTP Web Server),TCP 443 (HTTPS Web Server),UDP 161 (Simple Network Management Protocol)","22,80,443",,,10.220.30.232,,,
fbf13e93-9246-4dd3-a426-fea5c9ebe38b,,,,Port Test,,,,,,,,,,,,,,Active Peer Detection,,"TCP 135 (DCE Endpoint Resolution | Windows OS RPC services),TCP 445 (Windows OS Server Message Block),TCP 3389 (Windows Remote Desktop)","1,354,453,389",,,10.200.1.56,,,
fc12a720-6b17-452f-a7b7-9f31698a5a07,,,,Port Test,,,,,,,,,,,,,,Active Peer Detection,,"TCP 22 (Secure Shell),UDP 123 (Network Time Protocol),UDP 161 (Simple Network Management Protocol)",22,,,10.200.49.4,,,
fcd07a2d-7fb1-4761-b2f6-91e21db218b6,,,,Port Test,,,,,,,,,,,,,,Active Peer Detection,,"TCP 22 (Secure Shell),TCP 80 (HTTP Web Server),TCP 443 (HTTPS Web Server),UDP 123 (Network Time Protocol),UDP 161 (Simple Network Management Protocol)","22,80,443",,,10.200.150.249,,,
ff1dde1e-9552-4210-9ca4-2612b2e68188,,,,Port Test,,,,,,,,,,,,,,Active Peer Detection,,"TCP 22 (Secure Shell),UDP 123 (Network Time Protocol),UDP 161 (Simple Network Management Protocol)",22,,,10.200.150.171,,,
